{"offline_id": "c82c2b33d33c41aaaa887dbebc4bcf1b", "project_name": "yolov5", "start_time": 1721645326857, "stop_time": 1721645333636, "tags": [], "workspace": null, "resume_strategy": "create", "customer_error_reported": true, "customer_error_message": "Unexpected error detected in the user script: AssertionError('\\x1b[34m\\x1b[1mtrain: \\x1b[0mNo labels found in C:\\\\Users\\\\Burak\\\\Downloads\\\\Object Detection.v1i.coco\\\\train.cache, can not start training. See https://docs.ultralytics.com/yolov5/tutorials/train_custom_data')", "user_provided_experiment_key": false, "comet_start_sourced": false}