{"payload":{"installed_packages":["asttokens==2.4.1","attrs==23.2.0","certifi==2024.7.4","charset-normalizer==3.3.2","click==8.1.7","colorama==0.4.6","comet-ml==3.44.1","configobj==5.0.8","contourpy==1.2.1","cycler==0.12.1","decorator==5.1.1","dlib==19.24.4","dulwich==0.22.1","everett==3.1.0","executing==2.0.1","face-recognition==1.3.0","face_recognition_models==0.3.0","filelock==3.15.4","fonttools==4.53.1","fsspec==2024.6.1","gitdb==4.0.11","gitpython==3.1.43","idna==3.7","intel-openmp==2021.4.0","ipython==8.26.0","jedi==0.19.1","jinja2==3.1.4","jsonschema==4.23.0","jsonschema-specifications==2023.12.1","kiwisolver==1.4.5","markdown-it-py==3.0.0","markupsafe==2.1.5","matplotlib==3.9.1","matplotlib-inline==0.1.7","mdurl==0.1.2","mkl==2021.4.0","mpmath==1.3.0","networkx==3.3","numpy==1.26.4","opencv-python==4.10.0.84","packaging==24.1","pandas==2.2.2","parso==0.8.4","pillow==10.4.0","pip==24.1.2","prompt_toolkit==3.0.47","psutil==6.0.0","pure-eval==0.2.2","py-cpuinfo==9.0.0","pygments==2.18.0","pyparsing==3.1.2","python-box==6.1.0","python-dateutil==2.9.0.post0","pytz==2024.1","pyyaml==6.0.1","referencing==0.35.1","requests==2.32.3","requests-toolbelt==1.0.0","rich==13.7.1","rpds-py==0.19.0","scipy==1.14.0","seaborn==0.13.2","semantic-version==2.10.0","sentry-sdk==2.10.0","setuptools==70.3.0","simplejson==3.19.2","six==1.16.0","smmap==5.0.1","stack-data==0.6.3","sympy==1.13.0","tbb==2021.13.0","thop==0.1.1-2209072238","torch==2.3.1","torchvision==0.18.1","tqdm==4.66.4","traitlets==5.14.3","typing_extensions==4.12.2","tzdata==2024.1","ultralytics==8.2.57","ultralytics-thop==2.0.0","urllib3==2.2.2","wcwidth==0.2.13","wrapt==1.16.0","wurlitzer==3.1.1"],"message_id":1},"type":"installed_packages"}
{"payload":{"command":["train.py","--img","640","--batch","16","--epochs","50","--data","data.yaml","--weights","yolov5s.pt"],"env":null,"hostname":"Burak","ip":"192.168.1.43","machine":"AMD64","message_id":2,"os":"Windows-11-10.0.22631-SP0","os_release":"11","os_type":"Windows","pid":3116,"processor":"Intel64 Family 6 Model 186 Stepping 2, GenuineIntel","python_exe":"C:\\VS Code\\Python\\myenv\\Scripts\\python.exe","python_version":"3.12.2","python_version_verbose":"3.12.2 (tags/v3.12.2:6abddd9, Feb  6 2024, 21:26:36) [MSC v.1937 64 bit (AMD64)]","user":"Burak"},"type":"system_details"}
{"payload":{"gpu_static_info":[{"gpu_index":0,"name":"NVIDIA GeForce RTX 4050 Laptop GPU","power_limit":95000,"total_memory":6439305216,"uuid":"GPU-684b5734-60b4-5b4f-6cdc-23f4b588c0d0"}],"message_id":3},"type":"gpu_static_info"}
{"payload":{"local_timestamp":1721645331661,"message_id":4,"metric":{"epoch":null,"metricName":"sys.gpu.0.total_memory","metricValue":6439305216,"step":null}},"type":"metric_msg"}
{"payload":{"local_timestamp":1721645331661,"message_id":5,"param":{"paramName":"img","paramValue":640,"source":"cli","step":null}},"type":"parameter_msg"}
{"payload":{"local_timestamp":1721645331661,"message_id":6,"param":{"paramName":"batch","paramValue":16,"source":"cli","step":null}},"type":"parameter_msg"}
{"payload":{"local_timestamp":1721645331661,"message_id":7,"param":{"paramName":"epochs","paramValue":50,"source":"cli","step":null}},"type":"parameter_msg"}
{"payload":{"local_timestamp":1721645331661,"message_id":8,"param":{"paramName":"data","paramValue":"data.yaml","source":"cli","step":null}},"type":"parameter_msg"}
{"payload":{"local_timestamp":1721645331661,"message_id":9,"param":{"paramName":"weights","paramValue":"yolov5s.pt","source":"cli","step":null}},"type":"parameter_msg"}
{"payload":{"key":"offline_experiment","message_id":10,"value":true},"type":"log_other"}
{"payload":{"key":"Name","message_id":11,"value":"exp"},"type":"log_other"}
{"payload":{"local_timestamp":1721645331661,"message_id":12,"metric":{"epoch":null,"metricName":"sys.gpu.0.gpu_utilization","metricValue":0,"step":null}},"type":"metric_msg"}
{"payload":{"local_timestamp":1721645331661,"message_id":13,"metric":{"epoch":null,"metricName":"sys.gpu.0.power_usage","metricValue":14774,"step":null}},"type":"metric_msg"}
{"payload":{"local_timestamp":1721645331661,"message_id":14,"metric":{"epoch":null,"metricName":"sys.gpu.0.temperature","metricValue":41,"step":null}},"type":"metric_msg"}
{"payload":{"local_timestamp":1721645331661,"message_id":15,"metric":{"epoch":null,"metricName":"sys.gpu.0.memory_utilization","metricValue":0,"step":null}},"type":"metric_msg"}
{"payload":{"local_timestamp":1721645331661,"message_id":16,"metric":{"epoch":null,"metricName":"sys.gpu.0.free_memory","metricValue":6208618496,"step":null}},"type":"metric_msg"}
{"payload":{"local_timestamp":1721645331661,"message_id":17,"metric":{"epoch":null,"metricName":"sys.gpu.0.used_memory","metricValue":230686720,"step":null}},"type":"metric_msg"}
{"payload":{"local_timestamp":1721645331661,"message_id":18,"metric":{"epoch":null,"metricName":"sys.gpu.0.percent.used_memory","metricValue":3.5824784237094933,"step":null}},"type":"metric_msg"}
{"payload":{"additional_params":{"assetId":"0750f6e583d740d9bbb9339ad95cc30e","context":null,"extension":"yaml","fileName":"data.yaml","overwrite":false,"runId":null,"step":null},"clean":true,"file_path":"tmpemjnxzv4","local_timestamp":1721645331674,"message_id":19,"metadata":{"type":"data-config-file"},"upload_type":"asset"},"type":"file_upload"}
{"payload":{"key":"Created from","message_id":20,"value":"YOLOv5"},"type":"log_other"}
{"payload":{"key":"hasNestedParams","message_id":21,"value":true},"type":"log_other"}
{"payload":{"local_timestamp":1721645331674,"message_id":22,"param":{"paramName":"artifact_alias","paramValue":"latest","source":"manual","step":null}},"type":"parameter_msg"}
{"payload":{"local_timestamp":1721645331674,"message_id":23,"param":{"paramName":"batch_size","paramValue":16,"source":"manual","step":null}},"type":"parameter_msg"}
{"payload":{"local_timestamp":1721645331674,"message_id":24,"param":{"paramName":"bbox_interval","paramValue":-1,"source":"manual","step":null}},"type":"parameter_msg"}
{"payload":{"local_timestamp":1721645331674,"message_id":25,"param":{"paramName":"bucket","paramValue":"","source":"manual","step":null}},"type":"parameter_msg"}
{"payload":{"local_timestamp":1721645331674,"message_id":26,"param":{"paramName":"cache","paramValue":null,"source":"manual","step":null}},"type":"parameter_msg"}
{"payload":{"local_timestamp":1721645331674,"message_id":27,"param":{"paramName":"cfg","paramValue":"","source":"manual","step":null}},"type":"parameter_msg"}
{"payload":{"local_timestamp":1721645331674,"message_id":28,"param":{"paramName":"cos_lr","paramValue":false,"source":"manual","step":null}},"type":"parameter_msg"}
{"payload":{"local_timestamp":1721645331674,"message_id":29,"param":{"paramName":"device","paramValue":"","source":"manual","step":null}},"type":"parameter_msg"}
{"payload":{"local_timestamp":1721645331674,"message_id":30,"param":{"paramName":"entity","paramValue":null,"source":"manual","step":null}},"type":"parameter_msg"}
{"payload":{"local_timestamp":1721645331674,"message_id":31,"param":{"paramName":"evolve","paramValue":null,"source":"manual","step":null}},"type":"parameter_msg"}
{"payload":{"local_timestamp":1721645331674,"message_id":32,"param":{"paramName":"evolve_population","paramValue":"data\\hyps","source":"manual","step":null}},"type":"parameter_msg"}
{"payload":{"local_timestamp":1721645331674,"message_id":33,"param":{"paramName":"exist_ok","paramValue":false,"source":"manual","step":null}},"type":"parameter_msg"}
{"payload":{"local_timestamp":1721645331674,"message_id":34,"params":{"paramName":"freeze","paramValue":[0],"source":"manual","step":null}},"type":"parameter_msg"}
{"payload":{"local_timestamp":1721645331674,"message_id":35,"param":{"paramName":"hyp|anchor_t","paramValue":4.0,"source":"manual","step":null}},"type":"parameter_msg"}
{"payload":{"local_timestamp":1721645331674,"message_id":36,"param":{"paramName":"hyp|box","paramValue":0.05,"source":"manual","step":null}},"type":"parameter_msg"}
{"payload":{"local_timestamp":1721645331674,"message_id":37,"param":{"paramName":"hyp|cls","paramValue":0.5,"source":"manual","step":null}},"type":"parameter_msg"}
{"payload":{"local_timestamp":1721645331674,"message_id":38,"param":{"paramName":"hyp|cls_pw","paramValue":1.0,"source":"manual","step":null}},"type":"parameter_msg"}
{"payload":{"local_timestamp":1721645331674,"message_id":39,"param":{"paramName":"hyp|copy_paste","paramValue":0.0,"source":"manual","step":null}},"type":"parameter_msg"}
{"payload":{"local_timestamp":1721645331674,"message_id":40,"param":{"paramName":"hyp|degrees","paramValue":0.0,"source":"manual","step":null}},"type":"parameter_msg"}
{"payload":{"local_timestamp":1721645331674,"message_id":41,"param":{"paramName":"hyp|fl_gamma","paramValue":0.0,"source":"manual","step":null}},"type":"parameter_msg"}
{"payload":{"local_timestamp":1721645331674,"message_id":42,"param":{"paramName":"hyp|fliplr","paramValue":0.5,"source":"manual","step":null}},"type":"parameter_msg"}
{"payload":{"local_timestamp":1721645331674,"message_id":43,"param":{"paramName":"hyp|flipud","paramValue":0.0,"source":"manual","step":null}},"type":"parameter_msg"}
{"payload":{"local_timestamp":1721645331674,"message_id":44,"param":{"paramName":"hyp|hsv_h","paramValue":0.015,"source":"manual","step":null}},"type":"parameter_msg"}
{"payload":{"local_timestamp":1721645331674,"message_id":45,"param":{"paramName":"hyp|hsv_s","paramValue":0.7,"source":"manual","step":null}},"type":"parameter_msg"}
{"payload":{"local_timestamp":1721645331674,"message_id":46,"param":{"paramName":"hyp|hsv_v","paramValue":0.4,"source":"manual","step":null}},"type":"parameter_msg"}
{"payload":{"local_timestamp":1721645331674,"message_id":47,"param":{"paramName":"hyp|iou_t","paramValue":0.2,"source":"manual","step":null}},"type":"parameter_msg"}
{"payload":{"local_timestamp":1721645331674,"message_id":48,"param":{"paramName":"hyp|lr0","paramValue":0.01,"source":"manual","step":null}},"type":"parameter_msg"}
{"payload":{"local_timestamp":1721645331674,"message_id":49,"param":{"paramName":"hyp|lrf","paramValue":0.01,"source":"manual","step":null}},"type":"parameter_msg"}
{"payload":{"local_timestamp":1721645331674,"message_id":50,"param":{"paramName":"hyp|mixup","paramValue":0.0,"source":"manual","step":null}},"type":"parameter_msg"}
{"payload":{"local_timestamp":1721645331674,"message_id":51,"param":{"paramName":"hyp|momentum","paramValue":0.937,"source":"manual","step":null}},"type":"parameter_msg"}
{"payload":{"local_timestamp":1721645331674,"message_id":52,"param":{"paramName":"hyp|mosaic","paramValue":1.0,"source":"manual","step":null}},"type":"parameter_msg"}
{"payload":{"local_timestamp":1721645331674,"message_id":53,"param":{"paramName":"hyp|obj","paramValue":1.0,"source":"manual","step":null}},"type":"parameter_msg"}
{"payload":{"local_timestamp":1721645331674,"message_id":54,"param":{"paramName":"hyp|obj_pw","paramValue":1.0,"source":"manual","step":null}},"type":"parameter_msg"}
{"payload":{"local_timestamp":1721645331674,"message_id":55,"param":{"paramName":"hyp|perspective","paramValue":0.0,"source":"manual","step":null}},"type":"parameter_msg"}
{"payload":{"local_timestamp":1721645331674,"message_id":56,"param":{"paramName":"hyp|scale","paramValue":0.5,"source":"manual","step":null}},"type":"parameter_msg"}
{"payload":{"local_timestamp":1721645331674,"message_id":57,"param":{"paramName":"hyp|shear","paramValue":0.0,"source":"manual","step":null}},"type":"parameter_msg"}
{"payload":{"local_timestamp":1721645331674,"message_id":58,"param":{"paramName":"hyp|translate","paramValue":0.1,"source":"manual","step":null}},"type":"parameter_msg"}
{"payload":{"local_timestamp":1721645331674,"message_id":59,"param":{"paramName":"hyp|warmup_bias_lr","paramValue":0.1,"source":"manual","step":null}},"type":"parameter_msg"}
{"payload":{"local_timestamp":1721645331674,"message_id":60,"param":{"paramName":"hyp|warmup_epochs","paramValue":3.0,"source":"manual","step":null}},"type":"parameter_msg"}
{"payload":{"local_timestamp":1721645331674,"message_id":61,"param":{"paramName":"hyp|warmup_momentum","paramValue":0.8,"source":"manual","step":null}},"type":"parameter_msg"}
{"payload":{"local_timestamp":1721645331674,"message_id":62,"param":{"paramName":"hyp|weight_decay","paramValue":0.0005,"source":"manual","step":null}},"type":"parameter_msg"}
{"payload":{"local_timestamp":1721645331674,"message_id":63,"param":{"paramName":"image_weights","paramValue":false,"source":"manual","step":null}},"type":"parameter_msg"}
{"payload":{"local_timestamp":1721645331674,"message_id":64,"param":{"paramName":"imgsz","paramValue":640,"source":"manual","step":null}},"type":"parameter_msg"}
{"payload":{"local_timestamp":1721645331674,"message_id":65,"param":{"paramName":"label_smoothing","paramValue":0.0,"source":"manual","step":null}},"type":"parameter_msg"}
{"payload":{"local_timestamp":1721645331674,"message_id":66,"param":{"paramName":"local_rank","paramValue":-1,"source":"manual","step":null}},"type":"parameter_msg"}
{"payload":{"local_timestamp":1721645331674,"message_id":67,"param":{"paramName":"multi_scale","paramValue":false,"source":"manual","step":null}},"type":"parameter_msg"}
{"payload":{"local_timestamp":1721645331674,"message_id":68,"param":{"paramName":"name","paramValue":"exp","source":"manual","step":null}},"type":"parameter_msg"}
{"payload":{"local_timestamp":1721645331674,"message_id":69,"param":{"paramName":"ndjson_console","paramValue":false,"source":"manual","step":null}},"type":"parameter_msg"}
{"payload":{"local_timestamp":1721645331674,"message_id":70,"param":{"paramName":"ndjson_file","paramValue":false,"source":"manual","step":null}},"type":"parameter_msg"}
{"payload":{"local_timestamp":1721645331674,"message_id":71,"param":{"paramName":"noautoanchor","paramValue":false,"source":"manual","step":null}},"type":"parameter_msg"}
{"payload":{"local_timestamp":1721645331674,"message_id":72,"param":{"paramName":"noplots","paramValue":false,"source":"manual","step":null}},"type":"parameter_msg"}
{"payload":{"local_timestamp":1721645331674,"message_id":73,"param":{"paramName":"nosave","paramValue":false,"source":"manual","step":null}},"type":"parameter_msg"}
{"payload":{"local_timestamp":1721645331674,"message_id":74,"param":{"paramName":"noval","paramValue":false,"source":"manual","step":null}},"type":"parameter_msg"}
{"payload":{"local_timestamp":1721645331674,"message_id":75,"param":{"paramName":"optimizer","paramValue":"SGD","source":"manual","step":null}},"type":"parameter_msg"}
{"payload":{"local_timestamp":1721645331674,"message_id":76,"param":{"paramName":"patience","paramValue":100,"source":"manual","step":null}},"type":"parameter_msg"}
{"payload":{"local_timestamp":1721645331674,"message_id":77,"param":{"paramName":"project","paramValue":"runs\\train","source":"manual","step":null}},"type":"parameter_msg"}
{"payload":{"local_timestamp":1721645331674,"message_id":78,"param":{"paramName":"quad","paramValue":false,"source":"manual","step":null}},"type":"parameter_msg"}
{"payload":{"local_timestamp":1721645331674,"message_id":79,"param":{"paramName":"rect","paramValue":false,"source":"manual","step":null}},"type":"parameter_msg"}
{"payload":{"local_timestamp":1721645331674,"message_id":80,"param":{"paramName":"resume","paramValue":false,"source":"manual","step":null}},"type":"parameter_msg"}
{"payload":{"local_timestamp":1721645331674,"message_id":81,"param":{"paramName":"resume_evolve","paramValue":null,"source":"manual","step":null}},"type":"parameter_msg"}
{"payload":{"local_timestamp":1721645331674,"message_id":82,"param":{"paramName":"save_dir","paramValue":"runs\\train\\exp2","source":"manual","step":null}},"type":"parameter_msg"}
{"payload":{"local_timestamp":1721645331674,"message_id":83,"param":{"paramName":"save_period","paramValue":-1,"source":"manual","step":null}},"type":"parameter_msg"}
{"payload":{"local_timestamp":1721645331674,"message_id":84,"param":{"paramName":"seed","paramValue":0,"source":"manual","step":null}},"type":"parameter_msg"}
{"payload":{"local_timestamp":1721645331674,"message_id":85,"param":{"paramName":"single_cls","paramValue":false,"source":"manual","step":null}},"type":"parameter_msg"}
{"payload":{"local_timestamp":1721645331674,"message_id":86,"param":{"paramName":"sync_bn","paramValue":false,"source":"manual","step":null}},"type":"parameter_msg"}
{"payload":{"local_timestamp":1721645331674,"message_id":87,"param":{"paramName":"upload_dataset","paramValue":false,"source":"manual","step":null}},"type":"parameter_msg"}
{"payload":{"local_timestamp":1721645331674,"message_id":88,"param":{"paramName":"workers","paramValue":8,"source":"manual","step":null}},"type":"parameter_msg"}
{"payload":{"local_timestamp":1721645331674,"message_id":89,"param":{"paramName":"anchor_t","paramValue":4.0,"source":"manual","step":null}},"type":"parameter_msg"}
{"payload":{"local_timestamp":1721645331674,"message_id":90,"param":{"paramName":"box","paramValue":0.05,"source":"manual","step":null}},"type":"parameter_msg"}
{"payload":{"local_timestamp":1721645331674,"message_id":91,"param":{"paramName":"cls","paramValue":0.5,"source":"manual","step":null}},"type":"parameter_msg"}
{"payload":{"local_timestamp":1721645331674,"message_id":92,"param":{"paramName":"cls_pw","paramValue":1.0,"source":"manual","step":null}},"type":"parameter_msg"}
{"payload":{"local_timestamp":1721645331674,"message_id":93,"param":{"paramName":"copy_paste","paramValue":0.0,"source":"manual","step":null}},"type":"parameter_msg"}
{"payload":{"local_timestamp":1721645331674,"message_id":94,"param":{"paramName":"degrees","paramValue":0.0,"source":"manual","step":null}},"type":"parameter_msg"}
{"payload":{"local_timestamp":1721645331674,"message_id":95,"param":{"paramName":"fl_gamma","paramValue":0.0,"source":"manual","step":null}},"type":"parameter_msg"}
{"payload":{"local_timestamp":1721645331674,"message_id":96,"param":{"paramName":"fliplr","paramValue":0.5,"source":"manual","step":null}},"type":"parameter_msg"}
{"payload":{"local_timestamp":1721645331674,"message_id":97,"param":{"paramName":"flipud","paramValue":0.0,"source":"manual","step":null}},"type":"parameter_msg"}
{"payload":{"local_timestamp":1721645331674,"message_id":98,"param":{"paramName":"hsv_h","paramValue":0.015,"source":"manual","step":null}},"type":"parameter_msg"}
{"payload":{"local_timestamp":1721645331674,"message_id":99,"param":{"paramName":"hsv_s","paramValue":0.7,"source":"manual","step":null}},"type":"parameter_msg"}
{"payload":{"local_timestamp":1721645331674,"message_id":100,"param":{"paramName":"hsv_v","paramValue":0.4,"source":"manual","step":null}},"type":"parameter_msg"}
{"payload":{"local_timestamp":1721645331674,"message_id":101,"param":{"paramName":"iou_t","paramValue":0.2,"source":"manual","step":null}},"type":"parameter_msg"}
{"payload":{"local_timestamp":1721645331674,"message_id":102,"param":{"paramName":"lr0","paramValue":0.01,"source":"manual","step":null}},"type":"parameter_msg"}
{"payload":{"local_timestamp":1721645331674,"message_id":103,"param":{"paramName":"lrf","paramValue":0.01,"source":"manual","step":null}},"type":"parameter_msg"}
{"payload":{"local_timestamp":1721645331674,"message_id":104,"param":{"paramName":"mixup","paramValue":0.0,"source":"manual","step":null}},"type":"parameter_msg"}
{"payload":{"local_timestamp":1721645331674,"message_id":105,"param":{"paramName":"momentum","paramValue":0.937,"source":"manual","step":null}},"type":"parameter_msg"}
{"payload":{"local_timestamp":1721645331674,"message_id":106,"param":{"paramName":"mosaic","paramValue":1.0,"source":"manual","step":null}},"type":"parameter_msg"}
{"payload":{"local_timestamp":1721645331674,"message_id":107,"param":{"paramName":"obj","paramValue":1.0,"source":"manual","step":null}},"type":"parameter_msg"}
{"payload":{"local_timestamp":1721645331674,"message_id":108,"param":{"paramName":"obj_pw","paramValue":1.0,"source":"manual","step":null}},"type":"parameter_msg"}
{"payload":{"local_timestamp":1721645331674,"message_id":109,"param":{"paramName":"perspective","paramValue":0.0,"source":"manual","step":null}},"type":"parameter_msg"}
{"payload":{"local_timestamp":1721645331674,"message_id":110,"param":{"paramName":"scale","paramValue":0.5,"source":"manual","step":null}},"type":"parameter_msg"}
{"payload":{"local_timestamp":1721645331674,"message_id":111,"param":{"paramName":"shear","paramValue":0.0,"source":"manual","step":null}},"type":"parameter_msg"}
{"payload":{"local_timestamp":1721645331674,"message_id":112,"param":{"paramName":"translate","paramValue":0.1,"source":"manual","step":null}},"type":"parameter_msg"}
{"payload":{"local_timestamp":1721645331674,"message_id":113,"param":{"paramName":"warmup_bias_lr","paramValue":0.1,"source":"manual","step":null}},"type":"parameter_msg"}
{"payload":{"local_timestamp":1721645331674,"message_id":114,"param":{"paramName":"warmup_epochs","paramValue":3.0,"source":"manual","step":null}},"type":"parameter_msg"}
{"payload":{"local_timestamp":1721645331674,"message_id":115,"param":{"paramName":"warmup_momentum","paramValue":0.8,"source":"manual","step":null}},"type":"parameter_msg"}
{"payload":{"local_timestamp":1721645331674,"message_id":116,"param":{"paramName":"weight_decay","paramValue":0.0005,"source":"manual","step":null}},"type":"parameter_msg"}
{"payload":{"additional_params":{"assetId":"3088d79738d340f0b77320355ce786c7","context":null,"epoch":null,"extension":"json","fileName":"hyperparameters.json","overwrite":false,"runId":null,"step":null},"clean":true,"file_path":"tmpr94ngidu","local_timestamp":1721645331754,"message_id":117,"metadata":{"type":"hyp-config-file"},"upload_type":"asset"},"type":"file_upload"}
{"payload":{"additional_params":{"assetId":"9a15639de7bd49f4a52162375b7b5764","context":null,"extension":"yaml","fileName":"opt.yaml","overwrite":false,"runId":null,"step":null},"clean":true,"file_path":"tmp90wianj0","local_timestamp":1721645331674,"message_id":118,"metadata":{"type":"opt-config-file"},"upload_type":"asset"},"type":"file_upload"}
{"payload":{"local_timestamp":1721645331674,"message_id":119,"param":{"paramName":"val_conf_threshold","paramValue":0.001,"source":"manual","step":null}},"type":"parameter_msg"}
{"payload":{"local_timestamp":1721645331674,"message_id":120,"param":{"paramName":"val_iou_threshold","paramValue":0.6,"source":"manual","step":null}},"type":"parameter_msg"}
{"payload":{"key":"comet_mode","message_id":121,"value":"online"},"type":"log_other"}
{"payload":{"key":"comet_max_image_uploads","message_id":122,"value":100},"type":"log_other"}
{"payload":{"key":"comet_log_per_class_metrics","message_id":123,"value":false},"type":"log_other"}
{"payload":{"key":"comet_log_batch_metrics","message_id":124,"value":false},"type":"log_other"}
{"payload":{"key":"comet_log_confusion_matrix","message_id":125,"value":true},"type":"log_other"}
{"payload":{"key":"comet_model_name","message_id":126,"value":"yolov5"},"type":"log_other"}
{"payload":{"local_timestamp":1721645332275,"message_id":127,"metric":{"epoch":null,"metricName":"sys.cpu.percent.avg","metricValue":0.0,"step":null}},"type":"metric_msg"}
{"payload":{"local_timestamp":1721645332275,"message_id":128,"metric":{"epoch":null,"metricName":"sys.ram.total","metricValue":16908079104,"step":null}},"type":"metric_msg"}
{"payload":{"local_timestamp":1721645332275,"message_id":129,"metric":{"epoch":null,"metricName":"sys.ram.used","metricValue":10390847488,"step":null}},"type":"metric_msg"}
{"payload":{"local_timestamp":1721645332275,"message_id":130,"metric":{"epoch":null,"metricName":"sys.ram.available","metricValue":6517231616,"step":null}},"type":"metric_msg"}
{"payload":{"local_timestamp":1721645332275,"message_id":131,"metric":{"epoch":null,"metricName":"sys.ram.percent.used","metricValue":61.5,"step":null}},"type":"metric_msg"}
{"payload":{"local_timestamp":1721645332275,"message_id":132,"metric":{"epoch":null,"metricName":"sys.load.avg","metricValue":0.0,"step":null}},"type":"metric_msg"}
{"payload":{"local_timestamp":1721645332275,"message_id":133,"output":"Overriding model.yaml nc=80 with nc=1\n","stderr":true},"type":"standard_output"}
{"payload":{"local_timestamp":1721645332275,"message_id":134,"output":"\n                 from  n    params  module                                  arguments                     \n","stderr":true},"type":"standard_output"}
{"payload":{"local_timestamp":1721645332275,"message_id":135,"output":"  0                -1  1      3520  models.common.Conv                      [3, 32, 6, 2, 2]              \n","stderr":true},"type":"standard_output"}
{"payload":{"local_timestamp":1721645332290,"message_id":136,"output":"  1                -1  1     18560  models.common.Conv                      [32, 64, 3, 2]                \n","stderr":true},"type":"standard_output"}
{"payload":{"local_timestamp":1721645332290,"message_id":137,"output":"  2                -1  1     18816  models.common.C3                        [64, 64, 1]                   \n","stderr":true},"type":"standard_output"}
{"payload":{"local_timestamp":1721645332296,"message_id":138,"output":"  3                -1  1     73984  models.common.Conv                      [64, 128, 3, 2]               \n","stderr":true},"type":"standard_output"}
{"payload":{"local_timestamp":1721645332303,"message_id":139,"output":"  4                -1  2    115712  models.common.C3                        [128, 128, 2]                 \n","stderr":true},"type":"standard_output"}
{"payload":{"local_timestamp":1721645332305,"message_id":140,"output":"  5                -1  1    295424  models.common.Conv                      [128, 256, 3, 2]              \n","stderr":true},"type":"standard_output"}
{"payload":{"local_timestamp":1721645332310,"message_id":141,"output":"  6                -1  3    625152  models.common.C3                        [256, 256, 3]                 \n","stderr":true},"type":"standard_output"}
{"payload":{"local_timestamp":1721645332321,"message_id":142,"output":"  7                -1  1   1180672  models.common.Conv                      [256, 512, 3, 2]              \n","stderr":true},"type":"standard_output"}
{"payload":{"local_timestamp":1721645332327,"message_id":143,"output":"  8                -1  1   1182720  models.common.C3                        [512, 512, 1]                 \n","stderr":true},"type":"standard_output"}
{"payload":{"local_timestamp":1721645332332,"message_id":144,"output":"  9                -1  1    656896  models.common.SPPF                      [512, 512, 5]                 \n","stderr":true},"type":"standard_output"}
{"payload":{"local_timestamp":1721645332335,"message_id":145,"output":" 10                -1  1    131584  models.common.Conv                      [512, 256, 1, 1]              \n","stderr":true},"type":"standard_output"}
{"payload":{"local_timestamp":1721645332336,"message_id":146,"output":" 11                -1  1         0  torch.nn.modules.upsampling.Upsample    [None, 2, 'nearest']          \n","stderr":true},"type":"standard_output"}
{"payload":{"local_timestamp":1721645332336,"message_id":147,"output":" 12           [-1, 6]  1         0  models.common.Concat                    [1]                           \n","stderr":true},"type":"standard_output"}
{"payload":{"local_timestamp":1721645332342,"message_id":148,"output":" 13                -1  1    361984  models.common.C3                        [512, 256, 1, False]          \n","stderr":true},"type":"standard_output"}
{"payload":{"local_timestamp":1721645332436,"message_id":149,"output":" 14                -1  1     33024  models.common.Conv                      [256, 128, 1, 1]              \n","stderr":true},"type":"standard_output"}
{"payload":{"local_timestamp":1721645332436,"message_id":150,"output":" 15                -1  1         0  torch.nn.modules.upsampling.Upsample    [None, 2, 'nearest']          \n","stderr":true},"type":"standard_output"}
{"payload":{"local_timestamp":1721645332436,"message_id":151,"output":" 16           [-1, 4]  1         0  models.common.Concat                    [1]                           \n","stderr":true},"type":"standard_output"}
{"payload":{"local_timestamp":1721645332440,"message_id":152,"output":" 17                -1  1     90880  models.common.C3                        [256, 128, 1, False]          \n","stderr":true},"type":"standard_output"}
{"payload":{"local_timestamp":1721645332446,"message_id":153,"output":" 18                -1  1    147712  models.common.Conv                      [128, 128, 3, 2]              \n","stderr":true},"type":"standard_output"}
{"payload":{"local_timestamp":1721645332447,"message_id":154,"output":" 19          [-1, 14]  1         0  models.common.Concat                    [1]                           \n","stderr":true},"type":"standard_output"}
{"payload":{"local_timestamp":1721645332453,"message_id":155,"output":" 20                -1  1    296448  models.common.C3                        [256, 256, 1, False]          \n","stderr":true},"type":"standard_output"}
{"payload":{"local_timestamp":1721645332458,"message_id":156,"output":" 21                -1  1    590336  models.common.Conv                      [256, 256, 3, 2]              \n","stderr":true},"type":"standard_output"}
{"payload":{"local_timestamp":1721645332458,"message_id":157,"output":" 22          [-1, 10]  1         0  models.common.Concat                    [1]                           \n","stderr":true},"type":"standard_output"}
{"payload":{"local_timestamp":1721645332467,"message_id":158,"output":" 23                -1  1   1182720  models.common.C3                        [512, 512, 1, False]          \n","stderr":true},"type":"standard_output"}
{"payload":{"local_timestamp":1721645332470,"message_id":159,"output":" 24      [17, 20, 23]  1     16182  models.yolo.Detect                      [1, [[10, 13, 16, 30, 33, 23], [30, 61, 62, 45, 59, 119], [116, 90, 156, 198, 373, 326]], [128, 256, 512]]\n","stderr":true},"type":"standard_output"}
{"payload":{"local_timestamp":1721645332734,"message_id":160,"output":"Model summary: 214 layers, 7022326 parameters, 7022326 gradients, 15.9 GFLOPs\n","stderr":true},"type":"standard_output"}
{"payload":{"local_timestamp":1721645332734,"message_id":161,"output":"\n","stderr":true},"type":"standard_output"}
{"payload":{"local_timestamp":1721645332818,"message_id":162,"output":"Transferred 343/349 items from yolov5s.pt\n","stderr":true},"type":"standard_output"}
{"payload":{"local_timestamp":1721645332818,"message_id":163,"output":"\u001b[34m\u001b[1moptimizer:\u001b[0m SGD(lr=0.01) with parameter groups 57 weight(decay=0.0), 60 weight(decay=0.0005), 60 bias\n","stderr":true},"type":"standard_output"}
{"payload":{"local_timestamp":1721645332944,"message_id":164,"output":"\r\u001b[34m\u001b[1mtrain: \u001b[0mScanning C:\\Users\\Burak\\Downloads\\Object Detection.v1i.coco\\train.cache... 0 images, 63 backgrounds, 0 corrupt: 100%|\u2588\u2588\u2588\u2588\u2588\u2588\u2588\u2588\u2588\u2588| 63/63 [00:00<?, \u001b[0m","stderr":true},"type":"standard_output"}
{"payload":{"local_timestamp":1721645332944,"message_id":165,"output":"\r\u001b[34m\u001b[1mtrain: \u001b[0mScanning C:\\Users\\Burak\\Downloads\\Object Detection.v1i.coco\\train.cache... 0 images, 63 backgrounds, 0 corrupt: 100%|\u2588\u2588\u2588\u2588\u2588\u2588\u2588\u2588\u2588\u2588| 63/63 [00:00<?, \u001b[0m","stderr":true},"type":"standard_output"}
{"payload":{"local_timestamp":1721645332944,"message_id":166,"output":"\n","stderr":true},"type":"standard_output"}
{"payload":{"local_timestamp":1721645332945,"message_id":167,"output":"Traceback (most recent call last):\n","stderr":true},"type":"standard_output"}
{"payload":{"local_timestamp":1721645332945,"message_id":168,"output":"  File \"C:\\VS Code\\Python\\yolov5\\train.py\", line 852, in <module>\n","stderr":true},"type":"standard_output"}
{"payload":{"local_timestamp":1721645332946,"message_id":169,"output":"    ","stderr":true},"type":"standard_output"}
{"payload":{"local_timestamp":1721645332946,"message_id":170,"output":"main(opt)","stderr":true},"type":"standard_output"}
{"payload":{"local_timestamp":1721645332946,"message_id":171,"output":"\n","stderr":true},"type":"standard_output"}
{"payload":{"local_timestamp":1721645332947,"message_id":172,"output":"  File \"C:\\VS Code\\Python\\yolov5\\train.py\", line 627, in main\n","stderr":true},"type":"standard_output"}
{"payload":{"local_timestamp":1721645332947,"message_id":173,"output":"    ","stderr":true},"type":"standard_output"}
{"payload":{"local_timestamp":1721645332947,"message_id":174,"output":"train(opt.hyp, opt, device, callbacks)","stderr":true},"type":"standard_output"}
{"payload":{"local_timestamp":1721645332947,"message_id":175,"output":"\n","stderr":true},"type":"standard_output"}
{"payload":{"local_timestamp":1721645332947,"message_id":176,"output":"  File \"C:\\VS Code\\Python\\yolov5\\train.py\", line 258, in train\n","stderr":true},"type":"standard_output"}
{"payload":{"local_timestamp":1721645332947,"message_id":177,"output":"    ","stderr":true},"type":"standard_output"}
{"payload":{"local_timestamp":1721645332947,"message_id":178,"output":"train_loader, dataset = create_dataloader(","stderr":true},"type":"standard_output"}
{"payload":{"local_timestamp":1721645332947,"message_id":179,"output":"\n","stderr":true},"type":"standard_output"}
{"payload":{"local_timestamp":1721645332947,"message_id":180,"output":" ","stderr":true},"type":"standard_output"}
{"payload":{"local_timestamp":1721645332947,"message_id":181,"output":" ","stderr":true},"type":"standard_output"}
{"payload":{"local_timestamp":1721645332947,"message_id":182,"output":" ","stderr":true},"type":"standard_output"}
{"payload":{"local_timestamp":1721645332947,"message_id":183,"output":" ","stderr":true},"type":"standard_output"}
{"payload":{"local_timestamp":1721645332947,"message_id":184,"output":" ","stderr":true},"type":"standard_output"}
{"payload":{"local_timestamp":1721645332947,"message_id":185,"output":" ","stderr":true},"type":"standard_output"}
{"payload":{"local_timestamp":1721645332947,"message_id":186,"output":" ","stderr":true},"type":"standard_output"}
{"payload":{"local_timestamp":1721645332947,"message_id":187,"output":" ","stderr":true},"type":"standard_output"}
{"payload":{"local_timestamp":1721645332947,"message_id":188,"output":" ","stderr":true},"type":"standard_output"}
{"payload":{"local_timestamp":1721645332947,"message_id":189,"output":" ","stderr":true},"type":"standard_output"}
{"payload":{"local_timestamp":1721645332947,"message_id":190,"output":" ","stderr":true},"type":"standard_output"}
{"payload":{"local_timestamp":1721645332947,"message_id":191,"output":" ","stderr":true},"type":"standard_output"}
{"payload":{"local_timestamp":1721645332947,"message_id":192,"output":" ","stderr":true},"type":"standard_output"}
{"payload":{"local_timestamp":1721645332947,"message_id":193,"output":" ","stderr":true},"type":"standard_output"}
{"payload":{"local_timestamp":1721645332947,"message_id":194,"output":" ","stderr":true},"type":"standard_output"}
{"payload":{"local_timestamp":1721645332947,"message_id":195,"output":" ","stderr":true},"type":"standard_output"}
{"payload":{"local_timestamp":1721645332947,"message_id":196,"output":" ","stderr":true},"type":"standard_output"}
{"payload":{"local_timestamp":1721645332947,"message_id":197,"output":" ","stderr":true},"type":"standard_output"}
{"payload":{"local_timestamp":1721645332947,"message_id":198,"output":" ","stderr":true},"type":"standard_output"}
{"payload":{"local_timestamp":1721645332947,"message_id":199,"output":" ","stderr":true},"type":"standard_output"}
{"payload":{"local_timestamp":1721645332947,"message_id":200,"output":" ","stderr":true},"type":"standard_output"}
{"payload":{"local_timestamp":1721645332947,"message_id":201,"output":" ","stderr":true},"type":"standard_output"}
{"payload":{"local_timestamp":1721645332947,"message_id":202,"output":" ","stderr":true},"type":"standard_output"}
{"payload":{"local_timestamp":1721645332947,"message_id":203,"output":" ","stderr":true},"type":"standard_output"}
{"payload":{"local_timestamp":1721645332947,"message_id":204,"output":" ","stderr":true},"type":"standard_output"}
{"payload":{"local_timestamp":1721645332947,"message_id":205,"output":" ","stderr":true},"type":"standard_output"}
{"payload":{"local_timestamp":1721645332947,"message_id":206,"output":" ","stderr":true},"type":"standard_output"}
{"payload":{"local_timestamp":1721645332947,"message_id":207,"output":" ","stderr":true},"type":"standard_output"}
{"payload":{"local_timestamp":1721645332947,"message_id":208,"output":"^","stderr":true},"type":"standard_output"}
{"payload":{"local_timestamp":1721645332947,"message_id":209,"output":"^","stderr":true},"type":"standard_output"}
{"payload":{"local_timestamp":1721645332947,"message_id":210,"output":"^","stderr":true},"type":"standard_output"}
{"payload":{"local_timestamp":1721645332947,"message_id":211,"output":"^","stderr":true},"type":"standard_output"}
{"payload":{"local_timestamp":1721645332947,"message_id":212,"output":"^","stderr":true},"type":"standard_output"}
{"payload":{"local_timestamp":1721645332947,"message_id":213,"output":"^","stderr":true},"type":"standard_output"}
{"payload":{"local_timestamp":1721645332947,"message_id":214,"output":"^","stderr":true},"type":"standard_output"}
{"payload":{"local_timestamp":1721645332947,"message_id":215,"output":"^","stderr":true},"type":"standard_output"}
{"payload":{"local_timestamp":1721645332947,"message_id":216,"output":"^","stderr":true},"type":"standard_output"}
{"payload":{"local_timestamp":1721645332947,"message_id":217,"output":"^","stderr":true},"type":"standard_output"}
{"payload":{"local_timestamp":1721645332947,"message_id":218,"output":"^","stderr":true},"type":"standard_output"}
{"payload":{"local_timestamp":1721645332947,"message_id":219,"output":"^","stderr":true},"type":"standard_output"}
{"payload":{"local_timestamp":1721645332947,"message_id":220,"output":"^","stderr":true},"type":"standard_output"}
{"payload":{"local_timestamp":1721645332947,"message_id":221,"output":"^","stderr":true},"type":"standard_output"}
{"payload":{"local_timestamp":1721645332947,"message_id":222,"output":"^","stderr":true},"type":"standard_output"}
{"payload":{"local_timestamp":1721645332947,"message_id":223,"output":"^","stderr":true},"type":"standard_output"}
{"payload":{"local_timestamp":1721645332950,"message_id":224,"output":"^","stderr":true},"type":"standard_output"}
{"payload":{"local_timestamp":1721645332950,"message_id":225,"output":"^","stderr":true},"type":"standard_output"}
{"payload":{"local_timestamp":1721645332950,"message_id":226,"output":"\n","stderr":true},"type":"standard_output"}
{"payload":{"local_timestamp":1721645332951,"message_id":227,"output":"  File \"C:\\VS Code\\Python\\yolov5\\utils\\dataloaders.py\", line 182, in create_dataloader\n","stderr":true},"type":"standard_output"}
{"payload":{"local_timestamp":1721645332951,"message_id":228,"output":"    ","stderr":true},"type":"standard_output"}
{"payload":{"local_timestamp":1721645332951,"message_id":229,"output":"dataset = LoadImagesAndLabels(","stderr":true},"type":"standard_output"}
{"payload":{"local_timestamp":1721645332952,"message_id":230,"output":"\n","stderr":true},"type":"standard_output"}
{"payload":{"local_timestamp":1721645332952,"message_id":231,"output":" ","stderr":true},"type":"standard_output"}
{"payload":{"local_timestamp":1721645332952,"message_id":232,"output":" ","stderr":true},"type":"standard_output"}
{"payload":{"local_timestamp":1721645332952,"message_id":233,"output":" ","stderr":true},"type":"standard_output"}
{"payload":{"local_timestamp":1721645332952,"message_id":234,"output":" ","stderr":true},"type":"standard_output"}
{"payload":{"local_timestamp":1721645332952,"message_id":235,"output":" ","stderr":true},"type":"standard_output"}
{"payload":{"local_timestamp":1721645332952,"message_id":236,"output":" ","stderr":true},"type":"standard_output"}
{"payload":{"local_timestamp":1721645332952,"message_id":237,"output":" ","stderr":true},"type":"standard_output"}
{"payload":{"local_timestamp":1721645332952,"message_id":238,"output":" ","stderr":true},"type":"standard_output"}
{"payload":{"local_timestamp":1721645332952,"message_id":239,"output":" ","stderr":true},"type":"standard_output"}
{"payload":{"local_timestamp":1721645332952,"message_id":240,"output":" ","stderr":true},"type":"standard_output"}
{"payload":{"local_timestamp":1721645332952,"message_id":241,"output":" ","stderr":true},"type":"standard_output"}
{"payload":{"local_timestamp":1721645332952,"message_id":242,"output":" ","stderr":true},"type":"standard_output"}
{"payload":{"local_timestamp":1721645332952,"message_id":243,"output":" ","stderr":true},"type":"standard_output"}
{"payload":{"local_timestamp":1721645332952,"message_id":244,"output":" ","stderr":true},"type":"standard_output"}
{"payload":{"local_timestamp":1721645332952,"message_id":245,"output":"^","stderr":true},"type":"standard_output"}
{"payload":{"local_timestamp":1721645332952,"message_id":246,"output":"^","stderr":true},"type":"standard_output"}
{"payload":{"local_timestamp":1721645332952,"message_id":247,"output":"^","stderr":true},"type":"standard_output"}
{"payload":{"local_timestamp":1721645332952,"message_id":248,"output":"^","stderr":true},"type":"standard_output"}
{"payload":{"local_timestamp":1721645332952,"message_id":249,"output":"^","stderr":true},"type":"standard_output"}
{"payload":{"local_timestamp":1721645332952,"message_id":250,"output":"^","stderr":true},"type":"standard_output"}
{"payload":{"local_timestamp":1721645332952,"message_id":251,"output":"^","stderr":true},"type":"standard_output"}
{"payload":{"local_timestamp":1721645332952,"message_id":252,"output":"^","stderr":true},"type":"standard_output"}
{"payload":{"local_timestamp":1721645332952,"message_id":253,"output":"^","stderr":true},"type":"standard_output"}
{"payload":{"local_timestamp":1721645332952,"message_id":254,"output":"^","stderr":true},"type":"standard_output"}
{"payload":{"local_timestamp":1721645332952,"message_id":255,"output":"^","stderr":true},"type":"standard_output"}
{"payload":{"local_timestamp":1721645332952,"message_id":256,"output":"^","stderr":true},"type":"standard_output"}
{"payload":{"local_timestamp":1721645332952,"message_id":257,"output":"^","stderr":true},"type":"standard_output"}
{"payload":{"local_timestamp":1721645332952,"message_id":258,"output":"^","stderr":true},"type":"standard_output"}
{"payload":{"local_timestamp":1721645332952,"message_id":259,"output":"^","stderr":true},"type":"standard_output"}
{"payload":{"local_timestamp":1721645332952,"message_id":260,"output":"^","stderr":true},"type":"standard_output"}
{"payload":{"local_timestamp":1721645332952,"message_id":261,"output":"^","stderr":true},"type":"standard_output"}
{"payload":{"local_timestamp":1721645332952,"message_id":262,"output":"^","stderr":true},"type":"standard_output"}
{"payload":{"local_timestamp":1721645332952,"message_id":263,"output":"^","stderr":true},"type":"standard_output"}
{"payload":{"local_timestamp":1721645332952,"message_id":264,"output":"^","stderr":true},"type":"standard_output"}
{"payload":{"local_timestamp":1721645332953,"message_id":265,"output":"\n","stderr":true},"type":"standard_output"}
{"payload":{"local_timestamp":1721645332953,"message_id":266,"output":"  File \"C:\\VS Code\\Python\\yolov5\\utils\\dataloaders.py\", line 606, in __init__\n","stderr":true},"type":"standard_output"}
{"payload":{"local_timestamp":1721645332953,"message_id":267,"output":"    ","stderr":true},"type":"standard_output"}
{"payload":{"local_timestamp":1721645332953,"message_id":268,"output":"assert nf > 0 or not augment, f\"{prefix}No labels found in {cache_path}, can not start training. {HELP_URL}\"","stderr":true},"type":"standard_output"}
{"payload":{"local_timestamp":1721645332954,"message_id":269,"output":"\n","stderr":true},"type":"standard_output"}
{"payload":{"local_timestamp":1721645332954,"message_id":270,"output":"AssertionError","stderr":true},"type":"standard_output"}
{"payload":{"local_timestamp":1721645332954,"message_id":271,"output":": ","stderr":true},"type":"standard_output"}
{"payload":{"local_timestamp":1721645332954,"message_id":272,"output":"\u001b[34m\u001b[1mtrain: \u001b[0mNo labels found in C:\\Users\\Burak\\Downloads\\Object Detection.v1i.coco\\train.cache, can not start training. See https://docs.ultralytics.com/yolov5/tutorials/train_custom_data","stderr":true},"type":"standard_output"}
{"payload":{"local_timestamp":1721645332954,"message_id":273,"output":"\n","stderr":true},"type":"standard_output"}
{"payload":{"local_timestamp":1721645332955,"message_id":274,"output":"\u001b[1;38;5;39mCOMET INFO:\u001b[0m The process of logging environment details (conda environment, git patch) is underway. Please be patient as this may take some time.\n","stderr":true},"type":"standard_output"}
{"payload":{"git_metadata":{"branch":"refs/heads/master","origin":"https://github.com/ultralytics/yolov5.git","parent":"100a423b66fee81e0a2915d5da934d7872f12c8c","repo_name":"yolov5","root":"1e84a23f38fad9e52b59101e9f1246d93066ed1e","status":null,"user":null},"message_id":275},"type":"git_metadata"}
{"payload":{"local_timestamp":1721645333010,"message_id":276,"output":"\u001b[1;38;5;39mCOMET INFO:\u001b[0m ---------------------------------------------------------------------------------------\n","stderr":true},"type":"standard_output"}
{"payload":{"local_timestamp":1721645333010,"message_id":277,"output":"\u001b[1;38;5;39mCOMET INFO:\u001b[0m Comet.ml OfflineExperiment Summary\n","stderr":true},"type":"standard_output"}
{"payload":{"local_timestamp":1721645333010,"message_id":278,"output":"\u001b[1;38;5;39mCOMET INFO:\u001b[0m ---------------------------------------------------------------------------------------\n","stderr":true},"type":"standard_output"}
{"payload":{"local_timestamp":1721645333010,"message_id":279,"output":"\u001b[1;38;5;39mCOMET INFO:\u001b[0m   Data:\n","stderr":true},"type":"standard_output"}
{"payload":{"local_timestamp":1721645333011,"message_id":280,"output":"\u001b[1;38;5;39mCOMET INFO:\u001b[0m     display_summary_level : 1\n","stderr":true},"type":"standard_output"}
{"payload":{"local_timestamp":1721645333011,"message_id":281,"output":"\u001b[1;38;5;39mCOMET INFO:\u001b[0m     name                  : exp\n","stderr":true},"type":"standard_output"}
{"payload":{"local_timestamp":1721645333011,"message_id":282,"output":"\u001b[1;38;5;39mCOMET INFO:\u001b[0m     url                   : [OfflineExperiment will get URL after upload]\n","stderr":true},"type":"standard_output"}
{"payload":{"local_timestamp":1721645333011,"message_id":283,"output":"\u001b[1;38;5;39mCOMET INFO:\u001b[0m   Others:\n","stderr":true},"type":"standard_output"}
{"payload":{"local_timestamp":1721645333011,"message_id":284,"output":"\u001b[1;38;5;39mCOMET INFO:\u001b[0m     Created from                : YOLOv5\n","stderr":true},"type":"standard_output"}
{"payload":{"local_timestamp":1721645333011,"message_id":285,"output":"\u001b[1;38;5;39mCOMET INFO:\u001b[0m     Name                        : exp\n","stderr":true},"type":"standard_output"}
{"payload":{"local_timestamp":1721645333011,"message_id":286,"output":"\u001b[1;38;5;39mCOMET INFO:\u001b[0m     comet_log_batch_metrics     : False\n","stderr":true},"type":"standard_output"}
{"payload":{"local_timestamp":1721645333012,"message_id":287,"output":"\u001b[1;38;5;39mCOMET INFO:\u001b[0m     comet_log_confusion_matrix  : True\n","stderr":true},"type":"standard_output"}
{"payload":{"local_timestamp":1721645333012,"message_id":288,"output":"\u001b[1;38;5;39mCOMET INFO:\u001b[0m     comet_log_per_class_metrics : False\n","stderr":true},"type":"standard_output"}
{"payload":{"local_timestamp":1721645333012,"message_id":289,"output":"\u001b[1;38;5;39mCOMET INFO:\u001b[0m     comet_max_image_uploads     : 100\n","stderr":true},"type":"standard_output"}
{"payload":{"local_timestamp":1721645333012,"message_id":290,"output":"\u001b[1;38;5;39mCOMET INFO:\u001b[0m     comet_mode                  : online\n","stderr":true},"type":"standard_output"}
{"payload":{"local_timestamp":1721645333012,"message_id":291,"output":"\u001b[1;38;5;39mCOMET INFO:\u001b[0m     comet_model_name            : yolov5\n","stderr":true},"type":"standard_output"}
{"payload":{"local_timestamp":1721645333012,"message_id":292,"output":"\u001b[1;38;5;39mCOMET INFO:\u001b[0m     hasNestedParams             : True\n","stderr":true},"type":"standard_output"}
{"payload":{"local_timestamp":1721645333012,"message_id":293,"output":"\u001b[1;38;5;39mCOMET INFO:\u001b[0m     offline_experiment          : True\n","stderr":true},"type":"standard_output"}
{"payload":{"local_timestamp":1721645333013,"message_id":294,"output":"\u001b[1;38;5;39mCOMET INFO:\u001b[0m   Parameters:\n","stderr":true},"type":"standard_output"}
{"payload":{"local_timestamp":1721645333013,"message_id":295,"output":"\u001b[1;38;5;39mCOMET INFO:\u001b[0m     anchor_t            : 4.0\n","stderr":true},"type":"standard_output"}
{"payload":{"local_timestamp":1721645333013,"message_id":296,"output":"\u001b[1;38;5;39mCOMET INFO:\u001b[0m     artifact_alias      : latest\n","stderr":true},"type":"standard_output"}
{"payload":{"local_timestamp":1721645333013,"message_id":297,"output":"\u001b[1;38;5;39mCOMET INFO:\u001b[0m     batch_size          : 16\n","stderr":true},"type":"standard_output"}
{"payload":{"local_timestamp":1721645333013,"message_id":298,"output":"\u001b[1;38;5;39mCOMET INFO:\u001b[0m     bbox_interval       : -1\n","stderr":true},"type":"standard_output"}
{"payload":{"local_timestamp":1721645333013,"message_id":299,"output":"\u001b[1;38;5;39mCOMET INFO:\u001b[0m     box                 : 0.05\n","stderr":true},"type":"standard_output"}
{"payload":{"local_timestamp":1721645333013,"message_id":300,"output":"\u001b[1;38;5;39mCOMET INFO:\u001b[0m     bucket              : \n","stderr":true},"type":"standard_output"}
{"payload":{"local_timestamp":1721645333014,"message_id":301,"output":"\u001b[1;38;5;39mCOMET INFO:\u001b[0m     cache               : None\n","stderr":true},"type":"standard_output"}
{"payload":{"local_timestamp":1721645333014,"message_id":302,"output":"\u001b[1;38;5;39mCOMET INFO:\u001b[0m     cfg                 : \n","stderr":true},"type":"standard_output"}
{"payload":{"local_timestamp":1721645333014,"message_id":303,"output":"\u001b[1;38;5;39mCOMET INFO:\u001b[0m     cls                 : 0.5\n","stderr":true},"type":"standard_output"}
{"payload":{"local_timestamp":1721645333014,"message_id":304,"output":"\u001b[1;38;5;39mCOMET INFO:\u001b[0m     cls_pw              : 1.0\n","stderr":true},"type":"standard_output"}
{"payload":{"local_timestamp":1721645333014,"message_id":305,"output":"\u001b[1;38;5;39mCOMET INFO:\u001b[0m     copy_paste          : 0.0\n","stderr":true},"type":"standard_output"}
{"payload":{"local_timestamp":1721645333014,"message_id":306,"output":"\u001b[1;38;5;39mCOMET INFO:\u001b[0m     cos_lr              : False\n","stderr":true},"type":"standard_output"}
{"payload":{"local_timestamp":1721645333014,"message_id":307,"output":"\u001b[1;38;5;39mCOMET INFO:\u001b[0m     degrees             : 0.0\n","stderr":true},"type":"standard_output"}
{"payload":{"local_timestamp":1721645333015,"message_id":308,"output":"\u001b[1;38;5;39mCOMET INFO:\u001b[0m     device              : \n","stderr":true},"type":"standard_output"}
{"payload":{"local_timestamp":1721645333015,"message_id":309,"output":"\u001b[1;38;5;39mCOMET INFO:\u001b[0m     entity              : None\n","stderr":true},"type":"standard_output"}
{"payload":{"local_timestamp":1721645333015,"message_id":310,"output":"\u001b[1;38;5;39mCOMET INFO:\u001b[0m     evolve              : None\n","stderr":true},"type":"standard_output"}
{"payload":{"local_timestamp":1721645333015,"message_id":311,"output":"\u001b[1;38;5;39mCOMET INFO:\u001b[0m     evolve_population   : data\\hyps\n","stderr":true},"type":"standard_output"}
{"payload":{"local_timestamp":1721645333015,"message_id":312,"output":"\u001b[1;38;5;39mCOMET INFO:\u001b[0m     exist_ok            : False\n","stderr":true},"type":"standard_output"}
{"payload":{"local_timestamp":1721645333016,"message_id":313,"output":"\u001b[1;38;5;39mCOMET INFO:\u001b[0m     fl_gamma            : 0.0\n","stderr":true},"type":"standard_output"}
{"payload":{"local_timestamp":1721645333016,"message_id":314,"output":"\u001b[1;38;5;39mCOMET INFO:\u001b[0m     fliplr              : 0.5\n","stderr":true},"type":"standard_output"}
{"payload":{"local_timestamp":1721645333016,"message_id":315,"output":"\u001b[1;38;5;39mCOMET INFO:\u001b[0m     flipud              : 0.0\n","stderr":true},"type":"standard_output"}
{"payload":{"local_timestamp":1721645333016,"message_id":316,"output":"\u001b[1;38;5;39mCOMET INFO:\u001b[0m     freeze              : [0]\n","stderr":true},"type":"standard_output"}
{"payload":{"local_timestamp":1721645333017,"message_id":317,"output":"\u001b[1;38;5;39mCOMET INFO:\u001b[0m     hsv_h               : 0.015\n","stderr":true},"type":"standard_output"}
{"payload":{"local_timestamp":1721645333017,"message_id":318,"output":"\u001b[1;38;5;39mCOMET INFO:\u001b[0m     hsv_s               : 0.7\n","stderr":true},"type":"standard_output"}
{"payload":{"local_timestamp":1721645333017,"message_id":319,"output":"\u001b[1;38;5;39mCOMET INFO:\u001b[0m     hsv_v               : 0.4\n","stderr":true},"type":"standard_output"}
{"payload":{"local_timestamp":1721645333017,"message_id":320,"output":"\u001b[1;38;5;39mCOMET INFO:\u001b[0m     hyp|anchor_t        : 4.0\n","stderr":true},"type":"standard_output"}
{"payload":{"local_timestamp":1721645333017,"message_id":321,"output":"\u001b[1;38;5;39mCOMET INFO:\u001b[0m     hyp|box             : 0.05\n","stderr":true},"type":"standard_output"}
{"payload":{"local_timestamp":1721645333017,"message_id":322,"output":"\u001b[1;38;5;39mCOMET INFO:\u001b[0m     hyp|cls             : 0.5\n","stderr":true},"type":"standard_output"}
{"payload":{"local_timestamp":1721645333017,"message_id":323,"output":"\u001b[1;38;5;39mCOMET INFO:\u001b[0m     hyp|cls_pw          : 1.0\n","stderr":true},"type":"standard_output"}
{"payload":{"local_timestamp":1721645333017,"message_id":324,"output":"\u001b[1;38;5;39mCOMET INFO:\u001b[0m     hyp|copy_paste      : 0.0\n","stderr":true},"type":"standard_output"}
{"payload":{"local_timestamp":1721645333018,"message_id":325,"output":"\u001b[1;38;5;39mCOMET INFO:\u001b[0m     hyp|degrees         : 0.0\n","stderr":true},"type":"standard_output"}
{"payload":{"local_timestamp":1721645333019,"message_id":326,"output":"\u001b[1;38;5;39mCOMET INFO:\u001b[0m     hyp|fl_gamma        : 0.0\n","stderr":true},"type":"standard_output"}
{"payload":{"local_timestamp":1721645333019,"message_id":327,"output":"\u001b[1;38;5;39mCOMET INFO:\u001b[0m     hyp|fliplr          : 0.5\n","stderr":true},"type":"standard_output"}
{"payload":{"local_timestamp":1721645333019,"message_id":328,"output":"\u001b[1;38;5;39mCOMET INFO:\u001b[0m     hyp|flipud          : 0.0\n","stderr":true},"type":"standard_output"}
{"payload":{"local_timestamp":1721645333019,"message_id":329,"output":"\u001b[1;38;5;39mCOMET INFO:\u001b[0m     hyp|hsv_h           : 0.015\n","stderr":true},"type":"standard_output"}
{"payload":{"local_timestamp":1721645333019,"message_id":330,"output":"\u001b[1;38;5;39mCOMET INFO:\u001b[0m     hyp|hsv_s           : 0.7\n","stderr":true},"type":"standard_output"}
{"payload":{"local_timestamp":1721645333019,"message_id":331,"output":"\u001b[1;38;5;39mCOMET INFO:\u001b[0m     hyp|hsv_v           : 0.4\n","stderr":true},"type":"standard_output"}
{"payload":{"local_timestamp":1721645333019,"message_id":332,"output":"\u001b[1;38;5;39mCOMET INFO:\u001b[0m     hyp|iou_t           : 0.2\n","stderr":true},"type":"standard_output"}
{"payload":{"local_timestamp":1721645333020,"message_id":333,"output":"\u001b[1;38;5;39mCOMET INFO:\u001b[0m     hyp|lr0             : 0.01\n","stderr":true},"type":"standard_output"}
{"payload":{"local_timestamp":1721645333020,"message_id":334,"output":"\u001b[1;38;5;39mCOMET INFO:\u001b[0m     hyp|lrf             : 0.01\n","stderr":true},"type":"standard_output"}
{"payload":{"local_timestamp":1721645333020,"message_id":335,"output":"\u001b[1;38;5;39mCOMET INFO:\u001b[0m     hyp|mixup           : 0.0\n","stderr":true},"type":"standard_output"}
{"payload":{"local_timestamp":1721645333020,"message_id":336,"output":"\u001b[1;38;5;39mCOMET INFO:\u001b[0m     hyp|momentum        : 0.937\n","stderr":true},"type":"standard_output"}
{"payload":{"local_timestamp":1721645333021,"message_id":337,"output":"\u001b[1;38;5;39mCOMET INFO:\u001b[0m     hyp|mosaic          : 1.0\n","stderr":true},"type":"standard_output"}
{"payload":{"local_timestamp":1721645333021,"message_id":338,"output":"\u001b[1;38;5;39mCOMET INFO:\u001b[0m     hyp|obj             : 1.0\n","stderr":true},"type":"standard_output"}
{"payload":{"local_timestamp":1721645333021,"message_id":339,"output":"\u001b[1;38;5;39mCOMET INFO:\u001b[0m     hyp|obj_pw          : 1.0\n","stderr":true},"type":"standard_output"}
{"payload":{"local_timestamp":1721645333021,"message_id":340,"output":"\u001b[1;38;5;39mCOMET INFO:\u001b[0m     hyp|perspective     : 0.0\n","stderr":true},"type":"standard_output"}
{"payload":{"local_timestamp":1721645333022,"message_id":341,"output":"\u001b[1;38;5;39mCOMET INFO:\u001b[0m     hyp|scale           : 0.5\n","stderr":true},"type":"standard_output"}
{"payload":{"local_timestamp":1721645333022,"message_id":342,"output":"\u001b[1;38;5;39mCOMET INFO:\u001b[0m     hyp|shear           : 0.0\n","stderr":true},"type":"standard_output"}
{"payload":{"local_timestamp":1721645333022,"message_id":343,"output":"\u001b[1;38;5;39mCOMET INFO:\u001b[0m     hyp|translate       : 0.1\n","stderr":true},"type":"standard_output"}
{"payload":{"local_timestamp":1721645333023,"message_id":344,"output":"\u001b[1;38;5;39mCOMET INFO:\u001b[0m     hyp|warmup_bias_lr  : 0.1\n","stderr":true},"type":"standard_output"}
{"payload":{"local_timestamp":1721645333023,"message_id":345,"output":"\u001b[1;38;5;39mCOMET INFO:\u001b[0m     hyp|warmup_epochs   : 3.0\n","stderr":true},"type":"standard_output"}
{"payload":{"local_timestamp":1721645333023,"message_id":346,"output":"\u001b[1;38;5;39mCOMET INFO:\u001b[0m     hyp|warmup_momentum : 0.8\n","stderr":true},"type":"standard_output"}
{"payload":{"local_timestamp":1721645333023,"message_id":347,"output":"\u001b[1;38;5;39mCOMET INFO:\u001b[0m     hyp|weight_decay    : 0.0005\n","stderr":true},"type":"standard_output"}
{"payload":{"local_timestamp":1721645333024,"message_id":348,"output":"\u001b[1;38;5;39mCOMET INFO:\u001b[0m     image_weights       : False\n","stderr":true},"type":"standard_output"}
{"payload":{"local_timestamp":1721645333024,"message_id":349,"output":"\u001b[1;38;5;39mCOMET INFO:\u001b[0m     imgsz               : 640\n","stderr":true},"type":"standard_output"}
{"payload":{"local_timestamp":1721645333024,"message_id":350,"output":"\u001b[1;38;5;39mCOMET INFO:\u001b[0m     iou_t               : 0.2\n","stderr":true},"type":"standard_output"}
{"payload":{"local_timestamp":1721645333024,"message_id":351,"output":"\u001b[1;38;5;39mCOMET INFO:\u001b[0m     label_smoothing     : 0.0\n","stderr":true},"type":"standard_output"}
{"payload":{"local_timestamp":1721645333024,"message_id":352,"output":"\u001b[1;38;5;39mCOMET INFO:\u001b[0m     local_rank          : -1\n","stderr":true},"type":"standard_output"}
{"payload":{"local_timestamp":1721645333024,"message_id":353,"output":"\u001b[1;38;5;39mCOMET INFO:\u001b[0m     lr0                 : 0.01\n","stderr":true},"type":"standard_output"}
{"payload":{"local_timestamp":1721645333025,"message_id":354,"output":"\u001b[1;38;5;39mCOMET INFO:\u001b[0m     lrf                 : 0.01\n","stderr":true},"type":"standard_output"}
{"payload":{"local_timestamp":1721645333025,"message_id":355,"output":"\u001b[1;38;5;39mCOMET INFO:\u001b[0m     mixup               : 0.0\n","stderr":true},"type":"standard_output"}
{"payload":{"local_timestamp":1721645333025,"message_id":356,"output":"\u001b[1;38;5;39mCOMET INFO:\u001b[0m     momentum            : 0.937\n","stderr":true},"type":"standard_output"}
{"payload":{"local_timestamp":1721645333025,"message_id":357,"output":"\u001b[1;38;5;39mCOMET INFO:\u001b[0m     mosaic              : 1.0\n","stderr":true},"type":"standard_output"}
{"payload":{"local_timestamp":1721645333025,"message_id":358,"output":"\u001b[1;38;5;39mCOMET INFO:\u001b[0m     multi_scale         : False\n","stderr":true},"type":"standard_output"}
{"payload":{"local_timestamp":1721645333025,"message_id":359,"output":"\u001b[1;38;5;39mCOMET INFO:\u001b[0m     name                : exp\n","stderr":true},"type":"standard_output"}
{"payload":{"local_timestamp":1721645333025,"message_id":360,"output":"\u001b[1;38;5;39mCOMET INFO:\u001b[0m     ndjson_console      : False\n","stderr":true},"type":"standard_output"}
{"payload":{"local_timestamp":1721645333027,"message_id":361,"output":"\u001b[1;38;5;39mCOMET INFO:\u001b[0m     ndjson_file         : False\n","stderr":true},"type":"standard_output"}
{"payload":{"local_timestamp":1721645333027,"message_id":362,"output":"\u001b[1;38;5;39mCOMET INFO:\u001b[0m     noautoanchor        : False\n","stderr":true},"type":"standard_output"}
{"payload":{"local_timestamp":1721645333027,"message_id":363,"output":"\u001b[1;38;5;39mCOMET INFO:\u001b[0m     noplots             : False\n","stderr":true},"type":"standard_output"}
{"payload":{"local_timestamp":1721645333027,"message_id":364,"output":"\u001b[1;38;5;39mCOMET INFO:\u001b[0m     nosave              : False\n","stderr":true},"type":"standard_output"}
{"payload":{"local_timestamp":1721645333027,"message_id":365,"output":"\u001b[1;38;5;39mCOMET INFO:\u001b[0m     noval               : False\n","stderr":true},"type":"standard_output"}
{"payload":{"local_timestamp":1721645333028,"message_id":366,"output":"\u001b[1;38;5;39mCOMET INFO:\u001b[0m     obj                 : 1.0\n","stderr":true},"type":"standard_output"}
{"payload":{"local_timestamp":1721645333028,"message_id":367,"output":"\u001b[1;38;5;39mCOMET INFO:\u001b[0m     obj_pw              : 1.0\n","stderr":true},"type":"standard_output"}
{"payload":{"local_timestamp":1721645333028,"message_id":368,"output":"\u001b[1;38;5;39mCOMET INFO:\u001b[0m     optimizer           : SGD\n","stderr":true},"type":"standard_output"}
{"payload":{"local_timestamp":1721645333028,"message_id":369,"output":"\u001b[1;38;5;39mCOMET INFO:\u001b[0m     patience            : 100\n","stderr":true},"type":"standard_output"}
{"payload":{"local_timestamp":1721645333028,"message_id":370,"output":"\u001b[1;38;5;39mCOMET INFO:\u001b[0m     perspective         : 0.0\n","stderr":true},"type":"standard_output"}
{"payload":{"local_timestamp":1721645333029,"message_id":371,"output":"\u001b[1;38;5;39mCOMET INFO:\u001b[0m     project             : runs\\train\n","stderr":true},"type":"standard_output"}
{"payload":{"local_timestamp":1721645333029,"message_id":372,"output":"\u001b[1;38;5;39mCOMET INFO:\u001b[0m     quad                : False\n","stderr":true},"type":"standard_output"}
{"payload":{"local_timestamp":1721645333029,"message_id":373,"output":"\u001b[1;38;5;39mCOMET INFO:\u001b[0m     rect                : False\n","stderr":true},"type":"standard_output"}
{"payload":{"local_timestamp":1721645333029,"message_id":374,"output":"\u001b[1;38;5;39mCOMET INFO:\u001b[0m     resume              : False\n","stderr":true},"type":"standard_output"}
{"payload":{"local_timestamp":1721645333029,"message_id":375,"output":"\u001b[1;38;5;39mCOMET INFO:\u001b[0m     resume_evolve       : None\n","stderr":true},"type":"standard_output"}
{"payload":{"local_timestamp":1721645333030,"message_id":376,"output":"\u001b[1;38;5;39mCOMET INFO:\u001b[0m     save_dir            : runs\\train\\exp2\n","stderr":true},"type":"standard_output"}
{"payload":{"local_timestamp":1721645333030,"message_id":377,"output":"\u001b[1;38;5;39mCOMET INFO:\u001b[0m     save_period         : -1\n","stderr":true},"type":"standard_output"}
{"payload":{"local_timestamp":1721645333030,"message_id":378,"output":"\u001b[1;38;5;39mCOMET INFO:\u001b[0m     scale               : 0.5\n","stderr":true},"type":"standard_output"}
{"payload":{"local_timestamp":1721645333030,"message_id":379,"output":"\u001b[1;38;5;39mCOMET INFO:\u001b[0m     seed                : 0\n","stderr":true},"type":"standard_output"}
{"payload":{"local_timestamp":1721645333030,"message_id":380,"output":"\u001b[1;38;5;39mCOMET INFO:\u001b[0m     shear               : 0.0\n","stderr":true},"type":"standard_output"}
{"payload":{"local_timestamp":1721645333030,"message_id":381,"output":"\u001b[1;38;5;39mCOMET INFO:\u001b[0m     single_cls          : False\n","stderr":true},"type":"standard_output"}
{"payload":{"local_timestamp":1721645333031,"message_id":382,"output":"\u001b[1;38;5;39mCOMET INFO:\u001b[0m     sync_bn             : False\n","stderr":true},"type":"standard_output"}
{"payload":{"local_timestamp":1721645333031,"message_id":383,"output":"\u001b[1;38;5;39mCOMET INFO:\u001b[0m     translate           : 0.1\n","stderr":true},"type":"standard_output"}
{"payload":{"local_timestamp":1721645333031,"message_id":384,"output":"\u001b[1;38;5;39mCOMET INFO:\u001b[0m     upload_dataset      : False\n","stderr":true},"type":"standard_output"}
{"payload":{"local_timestamp":1721645333031,"message_id":385,"output":"\u001b[1;38;5;39mCOMET INFO:\u001b[0m     val_conf_threshold  : 0.001\n","stderr":true},"type":"standard_output"}
{"payload":{"local_timestamp":1721645333031,"message_id":386,"output":"\u001b[1;38;5;39mCOMET INFO:\u001b[0m     val_iou_threshold   : 0.6\n","stderr":true},"type":"standard_output"}
{"payload":{"local_timestamp":1721645333032,"message_id":387,"output":"\u001b[1;38;5;39mCOMET INFO:\u001b[0m     warmup_bias_lr      : 0.1\n","stderr":true},"type":"standard_output"}
{"payload":{"local_timestamp":1721645333032,"message_id":388,"output":"\u001b[1;38;5;39mCOMET INFO:\u001b[0m     warmup_epochs       : 3.0\n","stderr":true},"type":"standard_output"}
{"payload":{"local_timestamp":1721645333032,"message_id":389,"output":"\u001b[1;38;5;39mCOMET INFO:\u001b[0m     warmup_momentum     : 0.8\n","stderr":true},"type":"standard_output"}
{"payload":{"local_timestamp":1721645333032,"message_id":390,"output":"\u001b[1;38;5;39mCOMET INFO:\u001b[0m     weight_decay        : 0.0005\n","stderr":true},"type":"standard_output"}
{"payload":{"local_timestamp":1721645333032,"message_id":391,"output":"\u001b[1;38;5;39mCOMET INFO:\u001b[0m     workers             : 8\n","stderr":true},"type":"standard_output"}
{"payload":{"local_timestamp":1721645333032,"message_id":392,"output":"\u001b[1;38;5;39mCOMET INFO:\u001b[0m   Uploads:\n","stderr":true},"type":"standard_output"}
{"payload":{"local_timestamp":1721645333032,"message_id":393,"output":"\u001b[1;38;5;39mCOMET INFO:\u001b[0m     asset               : 3 (1.48 KB)\n","stderr":true},"type":"standard_output"}
{"payload":{"local_timestamp":1721645333032,"message_id":394,"output":"\u001b[1;38;5;39mCOMET INFO:\u001b[0m     environment details : 1\n","stderr":true},"type":"standard_output"}
{"payload":{"local_timestamp":1721645333032,"message_id":395,"output":"\u001b[1;38;5;39mCOMET INFO:\u001b[0m     git metadata        : 1\n","stderr":true},"type":"standard_output"}
{"payload":{"local_timestamp":1721645333032,"message_id":396,"output":"\u001b[1;38;5;39mCOMET INFO:\u001b[0m     installed packages  : 1\n","stderr":true},"type":"standard_output"}
{"payload":{"local_timestamp":1721645333032,"message_id":397,"output":"\u001b[1;38;5;39mCOMET INFO:\u001b[0m \n","stderr":true},"type":"standard_output"}
