{"payload":{"installed_packages":["asttokens==2.4.1","attrs==23.2.0","certifi==2024.7.4","charset-normalizer==3.3.2","click==8.1.7","colorama==0.4.6","comet-ml==3.44.1","configobj==5.0.8","contourpy==1.2.1","cycler==0.12.1","decorator==5.1.1","dlib==19.24.4","dulwich==0.22.1","everett==3.1.0","executing==2.0.1","face-recognition==1.3.0","face_recognition_models==0.3.0","filelock==3.15.4","fonttools==4.53.1","fsspec==2024.6.1","gitdb==4.0.11","gitpython==3.1.43","idna==3.7","intel-openmp==2021.4.0","ipython==8.26.0","jedi==0.19.1","jinja2==3.1.4","jsonschema==4.23.0","jsonschema-specifications==2023.12.1","kiwisolver==1.4.5","markdown-it-py==3.0.0","markupsafe==2.1.5","matplotlib==3.9.1","matplotlib-inline==0.1.7","mdurl==0.1.2","mkl==2021.4.0","mpmath==1.3.0","networkx==3.3","numpy==1.26.4","opencv-python==4.10.0.84","packaging==24.1","pandas==2.2.2","parso==0.8.4","pillow==10.4.0","pip==24.1.2","prompt_toolkit==3.0.47","psutil==6.0.0","pure-eval==0.2.2","py-cpuinfo==9.0.0","pygments==2.18.0","pyparsing==3.1.2","python-box==6.1.0","python-dateutil==2.9.0.post0","pytz==2024.1","pyyaml==6.0.1","referencing==0.35.1","requests==2.32.3","requests-toolbelt==1.0.0","rich==13.7.1","rpds-py==0.19.0","scipy==1.14.0","seaborn==0.13.2","semantic-version==2.10.0","sentry-sdk==2.10.0","setuptools==70.3.0","simplejson==3.19.2","six==1.16.0","smmap==5.0.1","stack-data==0.6.3","sympy==1.13.0","tbb==2021.13.0","thop==0.1.1-2209072238","torch==2.3.1","torchvision==0.18.1","tqdm==4.66.4","traitlets==5.14.3","typing_extensions==4.12.2","tzdata==2024.1","ultralytics==8.2.57","ultralytics-thop==2.0.0","urllib3==2.2.2","wcwidth==0.2.13","wrapt==1.16.0","wurlitzer==3.1.1"],"message_id":1},"type":"installed_packages"}
{"payload":{"command":["train.py","--img","640","--batch","16","--epochs","50","--data","data.yaml","--weights","yolov5s.pt"],"env":null,"hostname":"Burak","ip":"192.168.1.43","machine":"AMD64","message_id":2,"os":"Windows-11-10.0.22631-SP0","os_release":"11","os_type":"Windows","pid":20352,"processor":"Intel64 Family 6 Model 186 Stepping 2, GenuineIntel","python_exe":"C:\\VS Code\\Python\\myenv\\Scripts\\python.exe","python_version":"3.12.2","python_version_verbose":"3.12.2 (tags/v3.12.2:6abddd9, Feb  6 2024, 21:26:36) [MSC v.1937 64 bit (AMD64)]","user":"Burak"},"type":"system_details"}
{"payload":{"gpu_static_info":[{"gpu_index":0,"name":"NVIDIA GeForce RTX 4050 Laptop GPU","power_limit":95000,"total_memory":6439305216,"uuid":"GPU-684b5734-60b4-5b4f-6cdc-23f4b588c0d0"}],"message_id":3},"type":"gpu_static_info"}
{"payload":{"local_timestamp":1721638785120,"message_id":4,"metric":{"epoch":null,"metricName":"sys.gpu.0.total_memory","metricValue":6439305216,"step":null}},"type":"metric_msg"}
{"payload":{"local_timestamp":1721638785121,"message_id":5,"param":{"paramName":"img","paramValue":640,"source":"cli","step":null}},"type":"parameter_msg"}
{"payload":{"local_timestamp":1721638785121,"message_id":6,"param":{"paramName":"batch","paramValue":16,"source":"cli","step":null}},"type":"parameter_msg"}
{"payload":{"local_timestamp":1721638785121,"message_id":7,"param":{"paramName":"epochs","paramValue":50,"source":"cli","step":null}},"type":"parameter_msg"}
{"payload":{"local_timestamp":1721638785121,"message_id":8,"param":{"paramName":"data","paramValue":"data.yaml","source":"cli","step":null}},"type":"parameter_msg"}
{"payload":{"local_timestamp":1721638785121,"message_id":9,"param":{"paramName":"weights","paramValue":"yolov5s.pt","source":"cli","step":null}},"type":"parameter_msg"}
{"payload":{"key":"offline_experiment","message_id":10,"value":true},"type":"log_other"}
{"payload":{"key":"Name","message_id":11,"value":"exp"},"type":"log_other"}
{"payload":{"additional_params":{"assetId":"0c3f5f77f98b4b708456bfb795ce569c","context":null,"extension":"yaml","fileName":"data.yaml","overwrite":false,"runId":null,"step":null},"clean":true,"file_path":"tmphifj03ve","local_timestamp":1721638785125,"message_id":12,"metadata":{"type":"data-config-file"},"upload_type":"asset"},"type":"file_upload"}
{"payload":{"local_timestamp":1721638785127,"message_id":13,"metric":{"epoch":null,"metricName":"sys.gpu.0.gpu_utilization","metricValue":0,"step":null}},"type":"metric_msg"}
{"payload":{"local_timestamp":1721638785127,"message_id":14,"metric":{"epoch":null,"metricName":"sys.gpu.0.power_usage","metricValue":15769,"step":null}},"type":"metric_msg"}
{"payload":{"local_timestamp":1721638785127,"message_id":15,"metric":{"epoch":null,"metricName":"sys.gpu.0.temperature","metricValue":37,"step":null}},"type":"metric_msg"}
{"payload":{"local_timestamp":1721638785127,"message_id":16,"metric":{"epoch":null,"metricName":"sys.gpu.0.memory_utilization","metricValue":0,"step":null}},"type":"metric_msg"}
{"payload":{"local_timestamp":1721638785127,"message_id":17,"metric":{"epoch":null,"metricName":"sys.gpu.0.free_memory","metricValue":6208618496,"step":null}},"type":"metric_msg"}
{"payload":{"local_timestamp":1721638785127,"message_id":18,"metric":{"epoch":null,"metricName":"sys.gpu.0.used_memory","metricValue":230686720,"step":null}},"type":"metric_msg"}
{"payload":{"local_timestamp":1721638785127,"message_id":19,"metric":{"epoch":null,"metricName":"sys.gpu.0.percent.used_memory","metricValue":3.5824784237094933,"step":null}},"type":"metric_msg"}
{"payload":{"local_timestamp":1721638785130,"message_id":20,"output":"Downloading https://ultralytics.com/assets/Arial.ttf to C:\\Users\\Burak\\AppData\\Roaming\\Ultralytics\\Arial.ttf...\n","stderr":true},"type":"standard_output"}
{"payload":{"local_timestamp":1721638786295,"message_id":21,"metric":{"epoch":null,"metricName":"sys.cpu.percent.avg","metricValue":0.0,"step":null}},"type":"metric_msg"}
{"payload":{"local_timestamp":1721638786295,"message_id":22,"metric":{"epoch":null,"metricName":"sys.ram.total","metricValue":16908079104,"step":null}},"type":"metric_msg"}
{"payload":{"local_timestamp":1721638786295,"message_id":23,"metric":{"epoch":null,"metricName":"sys.ram.used","metricValue":11854491648,"step":null}},"type":"metric_msg"}
{"payload":{"local_timestamp":1721638786295,"message_id":24,"metric":{"epoch":null,"metricName":"sys.ram.available","metricValue":5053587456,"step":null}},"type":"metric_msg"}
{"payload":{"local_timestamp":1721638786295,"message_id":25,"metric":{"epoch":null,"metricName":"sys.ram.percent.used","metricValue":70.1,"step":null}},"type":"metric_msg"}
{"payload":{"local_timestamp":1721638786295,"message_id":26,"metric":{"epoch":null,"metricName":"sys.load.avg","metricValue":0.0,"step":null}},"type":"metric_msg"}
{"payload":{"git_metadata":{"branch":"refs/heads/master","origin":"https://github.com/ultralytics/yolov5.git","parent":"100a423b66fee81e0a2915d5da934d7872f12c8c","repo_name":"yolov5","root":"1e84a23f38fad9e52b59101e9f1246d93066ed1e","status":null,"user":null},"message_id":27},"type":"git_metadata"}
{"payload":{"local_timestamp":1721638787829,"message_id":28,"output":"\r  0%|                                                                                                              | 0.00/755k [00:00<?, ?B/s]","stderr":true},"type":"standard_output"}
{"payload":{"local_timestamp":1721638787947,"message_id":29,"output":"\r 17%|\u2588\u2588\u2588\u2588\u2588\u2588\u2588\u2588\u2588\u2588\u2588\u2588\u2588\u2588\u2588\u2588\u2588\u258e                                                                                    | 128k/755k [00:00<00:00, 1.12MB/s]","stderr":true},"type":"standard_output"}
{"payload":{"local_timestamp":1721638788081,"message_id":30,"output":"\r 68%|\u2588\u2588\u2588\u2588\u2588\u2588\u2588\u2588\u2588\u2588\u2588\u2588\u2588\u2588\u2588\u2588\u2588\u2588\u2588\u2588\u2588\u2588\u2588\u2588\u2588\u2588\u2588\u2588\u2588\u2588\u2588\u2588\u2588\u2588\u2588\u2588\u2588\u2588\u2588\u2588\u2588\u2588\u2588\u2588\u2588\u2588\u2588\u2588\u2588\u2588\u2588\u2588\u2588\u2588\u2588\u2588\u2588\u2588\u2588\u2588\u2588\u2588\u2588\u2588\u2588\u2588\u2588\u2588\u2588\u258f                                | 512k/755k [00:00<00:00, 2.25MB/s]","stderr":true},"type":"standard_output"}
{"payload":{"local_timestamp":1721638788149,"message_id":31,"output":"\r100%|\u2588\u2588\u2588\u2588\u2588\u2588\u2588\u2588\u2588\u2588\u2588\u2588\u2588\u2588\u2588\u2588\u2588\u2588\u2588\u2588\u2588\u2588\u2588\u2588\u2588\u2588\u2588\u2588\u2588\u2588\u2588\u2588\u2588\u2588\u2588\u2588\u2588\u2588\u2588\u2588\u2588\u2588\u2588\u2588\u2588\u2588\u2588\u2588\u2588\u2588\u2588\u2588\u2588\u2588\u2588\u2588\u2588\u2588\u2588\u2588\u2588\u2588\u2588\u2588\u2588\u2588\u2588\u2588\u2588\u2588\u2588\u2588\u2588\u2588\u2588\u2588\u2588\u2588\u2588\u2588\u2588\u2588\u2588\u2588\u2588\u2588\u2588\u2588\u2588\u2588\u2588\u2588\u2588\u2588\u2588\u2588\u2588\u2588\u2588\u2588\u2588\u2588| 755k/755k [00:00<00:00, 2.41MB/s]","stderr":true},"type":"standard_output"}
{"payload":{"local_timestamp":1721638788149,"message_id":32,"output":"\n","stderr":true},"type":"standard_output"}
{"payload":{"key":"Created from","message_id":33,"value":"YOLOv5"},"type":"log_other"}
{"payload":{"key":"hasNestedParams","message_id":34,"value":true},"type":"log_other"}
{"payload":{"local_timestamp":1721638788151,"message_id":35,"param":{"paramName":"artifact_alias","paramValue":"latest","source":"manual","step":null}},"type":"parameter_msg"}
{"payload":{"local_timestamp":1721638788151,"message_id":36,"param":{"paramName":"batch_size","paramValue":16,"source":"manual","step":null}},"type":"parameter_msg"}
{"payload":{"local_timestamp":1721638788151,"message_id":37,"param":{"paramName":"bbox_interval","paramValue":-1,"source":"manual","step":null}},"type":"parameter_msg"}
{"payload":{"local_timestamp":1721638788151,"message_id":38,"param":{"paramName":"bucket","paramValue":"","source":"manual","step":null}},"type":"parameter_msg"}
{"payload":{"local_timestamp":1721638788151,"message_id":39,"param":{"paramName":"cache","paramValue":null,"source":"manual","step":null}},"type":"parameter_msg"}
{"payload":{"local_timestamp":1721638788151,"message_id":40,"param":{"paramName":"cfg","paramValue":"","source":"manual","step":null}},"type":"parameter_msg"}
{"payload":{"local_timestamp":1721638788151,"message_id":41,"param":{"paramName":"cos_lr","paramValue":false,"source":"manual","step":null}},"type":"parameter_msg"}
{"payload":{"local_timestamp":1721638788151,"message_id":42,"param":{"paramName":"device","paramValue":"","source":"manual","step":null}},"type":"parameter_msg"}
{"payload":{"local_timestamp":1721638788151,"message_id":43,"param":{"paramName":"entity","paramValue":null,"source":"manual","step":null}},"type":"parameter_msg"}
{"payload":{"local_timestamp":1721638788151,"message_id":44,"param":{"paramName":"evolve","paramValue":null,"source":"manual","step":null}},"type":"parameter_msg"}
{"payload":{"local_timestamp":1721638788151,"message_id":45,"param":{"paramName":"evolve_population","paramValue":"data\\hyps","source":"manual","step":null}},"type":"parameter_msg"}
{"payload":{"local_timestamp":1721638788151,"message_id":46,"param":{"paramName":"exist_ok","paramValue":false,"source":"manual","step":null}},"type":"parameter_msg"}
{"payload":{"local_timestamp":1721638788151,"message_id":47,"params":{"paramName":"freeze","paramValue":[0],"source":"manual","step":null}},"type":"parameter_msg"}
{"payload":{"local_timestamp":1721638788151,"message_id":48,"param":{"paramName":"hyp|anchor_t","paramValue":4.0,"source":"manual","step":null}},"type":"parameter_msg"}
{"payload":{"local_timestamp":1721638788151,"message_id":49,"param":{"paramName":"hyp|box","paramValue":0.05,"source":"manual","step":null}},"type":"parameter_msg"}
{"payload":{"local_timestamp":1721638788151,"message_id":50,"param":{"paramName":"hyp|cls","paramValue":0.5,"source":"manual","step":null}},"type":"parameter_msg"}
{"payload":{"local_timestamp":1721638788151,"message_id":51,"param":{"paramName":"hyp|cls_pw","paramValue":1.0,"source":"manual","step":null}},"type":"parameter_msg"}
{"payload":{"local_timestamp":1721638788151,"message_id":52,"param":{"paramName":"hyp|copy_paste","paramValue":0.0,"source":"manual","step":null}},"type":"parameter_msg"}
{"payload":{"local_timestamp":1721638788151,"message_id":53,"param":{"paramName":"hyp|degrees","paramValue":0.0,"source":"manual","step":null}},"type":"parameter_msg"}
{"payload":{"local_timestamp":1721638788151,"message_id":54,"param":{"paramName":"hyp|fl_gamma","paramValue":0.0,"source":"manual","step":null}},"type":"parameter_msg"}
{"payload":{"local_timestamp":1721638788151,"message_id":55,"param":{"paramName":"hyp|fliplr","paramValue":0.5,"source":"manual","step":null}},"type":"parameter_msg"}
{"payload":{"local_timestamp":1721638788151,"message_id":56,"param":{"paramName":"hyp|flipud","paramValue":0.0,"source":"manual","step":null}},"type":"parameter_msg"}
{"payload":{"local_timestamp":1721638788151,"message_id":57,"param":{"paramName":"hyp|hsv_h","paramValue":0.015,"source":"manual","step":null}},"type":"parameter_msg"}
{"payload":{"local_timestamp":1721638788151,"message_id":58,"param":{"paramName":"hyp|hsv_s","paramValue":0.7,"source":"manual","step":null}},"type":"parameter_msg"}
{"payload":{"local_timestamp":1721638788151,"message_id":59,"param":{"paramName":"hyp|hsv_v","paramValue":0.4,"source":"manual","step":null}},"type":"parameter_msg"}
{"payload":{"local_timestamp":1721638788151,"message_id":60,"param":{"paramName":"hyp|iou_t","paramValue":0.2,"source":"manual","step":null}},"type":"parameter_msg"}
{"payload":{"local_timestamp":1721638788151,"message_id":61,"param":{"paramName":"hyp|lr0","paramValue":0.01,"source":"manual","step":null}},"type":"parameter_msg"}
{"payload":{"local_timestamp":1721638788151,"message_id":62,"param":{"paramName":"hyp|lrf","paramValue":0.01,"source":"manual","step":null}},"type":"parameter_msg"}
{"payload":{"local_timestamp":1721638788151,"message_id":63,"param":{"paramName":"hyp|mixup","paramValue":0.0,"source":"manual","step":null}},"type":"parameter_msg"}
{"payload":{"local_timestamp":1721638788151,"message_id":64,"param":{"paramName":"hyp|momentum","paramValue":0.937,"source":"manual","step":null}},"type":"parameter_msg"}
{"payload":{"local_timestamp":1721638788151,"message_id":65,"param":{"paramName":"hyp|mosaic","paramValue":1.0,"source":"manual","step":null}},"type":"parameter_msg"}
{"payload":{"local_timestamp":1721638788151,"message_id":66,"param":{"paramName":"hyp|obj","paramValue":1.0,"source":"manual","step":null}},"type":"parameter_msg"}
{"payload":{"local_timestamp":1721638788151,"message_id":67,"param":{"paramName":"hyp|obj_pw","paramValue":1.0,"source":"manual","step":null}},"type":"parameter_msg"}
{"payload":{"local_timestamp":1721638788151,"message_id":68,"param":{"paramName":"hyp|perspective","paramValue":0.0,"source":"manual","step":null}},"type":"parameter_msg"}
{"payload":{"local_timestamp":1721638788151,"message_id":69,"param":{"paramName":"hyp|scale","paramValue":0.5,"source":"manual","step":null}},"type":"parameter_msg"}
{"payload":{"local_timestamp":1721638788151,"message_id":70,"param":{"paramName":"hyp|shear","paramValue":0.0,"source":"manual","step":null}},"type":"parameter_msg"}
{"payload":{"local_timestamp":1721638788151,"message_id":71,"param":{"paramName":"hyp|translate","paramValue":0.1,"source":"manual","step":null}},"type":"parameter_msg"}
{"payload":{"local_timestamp":1721638788151,"message_id":72,"param":{"paramName":"hyp|warmup_bias_lr","paramValue":0.1,"source":"manual","step":null}},"type":"parameter_msg"}
{"payload":{"local_timestamp":1721638788151,"message_id":73,"param":{"paramName":"hyp|warmup_epochs","paramValue":3.0,"source":"manual","step":null}},"type":"parameter_msg"}
{"payload":{"local_timestamp":1721638788152,"message_id":74,"param":{"paramName":"hyp|warmup_momentum","paramValue":0.8,"source":"manual","step":null}},"type":"parameter_msg"}
{"payload":{"local_timestamp":1721638788152,"message_id":75,"param":{"paramName":"hyp|weight_decay","paramValue":0.0005,"source":"manual","step":null}},"type":"parameter_msg"}
{"payload":{"local_timestamp":1721638788152,"message_id":76,"param":{"paramName":"image_weights","paramValue":false,"source":"manual","step":null}},"type":"parameter_msg"}
{"payload":{"local_timestamp":1721638788152,"message_id":77,"param":{"paramName":"imgsz","paramValue":640,"source":"manual","step":null}},"type":"parameter_msg"}
{"payload":{"local_timestamp":1721638788152,"message_id":78,"param":{"paramName":"label_smoothing","paramValue":0.0,"source":"manual","step":null}},"type":"parameter_msg"}
{"payload":{"local_timestamp":1721638788152,"message_id":79,"param":{"paramName":"local_rank","paramValue":-1,"source":"manual","step":null}},"type":"parameter_msg"}
{"payload":{"local_timestamp":1721638788152,"message_id":80,"param":{"paramName":"multi_scale","paramValue":false,"source":"manual","step":null}},"type":"parameter_msg"}
{"payload":{"local_timestamp":1721638788152,"message_id":81,"param":{"paramName":"name","paramValue":"exp","source":"manual","step":null}},"type":"parameter_msg"}
{"payload":{"local_timestamp":1721638788152,"message_id":82,"param":{"paramName":"ndjson_console","paramValue":false,"source":"manual","step":null}},"type":"parameter_msg"}
{"payload":{"local_timestamp":1721638788152,"message_id":83,"param":{"paramName":"ndjson_file","paramValue":false,"source":"manual","step":null}},"type":"parameter_msg"}
{"payload":{"local_timestamp":1721638788152,"message_id":84,"param":{"paramName":"noautoanchor","paramValue":false,"source":"manual","step":null}},"type":"parameter_msg"}
{"payload":{"local_timestamp":1721638788152,"message_id":85,"param":{"paramName":"noplots","paramValue":false,"source":"manual","step":null}},"type":"parameter_msg"}
{"payload":{"local_timestamp":1721638788152,"message_id":86,"param":{"paramName":"nosave","paramValue":false,"source":"manual","step":null}},"type":"parameter_msg"}
{"payload":{"local_timestamp":1721638788152,"message_id":87,"param":{"paramName":"noval","paramValue":false,"source":"manual","step":null}},"type":"parameter_msg"}
{"payload":{"local_timestamp":1721638788152,"message_id":88,"param":{"paramName":"optimizer","paramValue":"SGD","source":"manual","step":null}},"type":"parameter_msg"}
{"payload":{"local_timestamp":1721638788152,"message_id":89,"param":{"paramName":"patience","paramValue":100,"source":"manual","step":null}},"type":"parameter_msg"}
{"payload":{"local_timestamp":1721638788152,"message_id":90,"param":{"paramName":"project","paramValue":"runs\\train","source":"manual","step":null}},"type":"parameter_msg"}
{"payload":{"local_timestamp":1721638788152,"message_id":91,"param":{"paramName":"quad","paramValue":false,"source":"manual","step":null}},"type":"parameter_msg"}
{"payload":{"local_timestamp":1721638788152,"message_id":92,"param":{"paramName":"rect","paramValue":false,"source":"manual","step":null}},"type":"parameter_msg"}
{"payload":{"local_timestamp":1721638788152,"message_id":93,"param":{"paramName":"resume","paramValue":false,"source":"manual","step":null}},"type":"parameter_msg"}
{"payload":{"local_timestamp":1721638788152,"message_id":94,"param":{"paramName":"resume_evolve","paramValue":null,"source":"manual","step":null}},"type":"parameter_msg"}
{"payload":{"local_timestamp":1721638788152,"message_id":95,"param":{"paramName":"save_dir","paramValue":"runs\\train\\exp","source":"manual","step":null}},"type":"parameter_msg"}
{"payload":{"local_timestamp":1721638788152,"message_id":96,"param":{"paramName":"save_period","paramValue":-1,"source":"manual","step":null}},"type":"parameter_msg"}
{"payload":{"local_timestamp":1721638788152,"message_id":97,"param":{"paramName":"seed","paramValue":0,"source":"manual","step":null}},"type":"parameter_msg"}
{"payload":{"local_timestamp":1721638788152,"message_id":98,"param":{"paramName":"single_cls","paramValue":false,"source":"manual","step":null}},"type":"parameter_msg"}
{"payload":{"local_timestamp":1721638788152,"message_id":99,"param":{"paramName":"sync_bn","paramValue":false,"source":"manual","step":null}},"type":"parameter_msg"}
{"payload":{"local_timestamp":1721638788152,"message_id":100,"param":{"paramName":"upload_dataset","paramValue":false,"source":"manual","step":null}},"type":"parameter_msg"}
{"payload":{"local_timestamp":1721638788152,"message_id":101,"param":{"paramName":"workers","paramValue":8,"source":"manual","step":null}},"type":"parameter_msg"}
{"payload":{"local_timestamp":1721638788152,"message_id":102,"param":{"paramName":"anchor_t","paramValue":4.0,"source":"manual","step":null}},"type":"parameter_msg"}
{"payload":{"local_timestamp":1721638788152,"message_id":103,"param":{"paramName":"box","paramValue":0.05,"source":"manual","step":null}},"type":"parameter_msg"}
{"payload":{"local_timestamp":1721638788152,"message_id":104,"param":{"paramName":"cls","paramValue":0.5,"source":"manual","step":null}},"type":"parameter_msg"}
{"payload":{"local_timestamp":1721638788152,"message_id":105,"param":{"paramName":"cls_pw","paramValue":1.0,"source":"manual","step":null}},"type":"parameter_msg"}
{"payload":{"local_timestamp":1721638788152,"message_id":106,"param":{"paramName":"copy_paste","paramValue":0.0,"source":"manual","step":null}},"type":"parameter_msg"}
{"payload":{"local_timestamp":1721638788152,"message_id":107,"param":{"paramName":"degrees","paramValue":0.0,"source":"manual","step":null}},"type":"parameter_msg"}
{"payload":{"local_timestamp":1721638788152,"message_id":108,"param":{"paramName":"fl_gamma","paramValue":0.0,"source":"manual","step":null}},"type":"parameter_msg"}
{"payload":{"local_timestamp":1721638788152,"message_id":109,"param":{"paramName":"fliplr","paramValue":0.5,"source":"manual","step":null}},"type":"parameter_msg"}
{"payload":{"local_timestamp":1721638788152,"message_id":110,"param":{"paramName":"flipud","paramValue":0.0,"source":"manual","step":null}},"type":"parameter_msg"}
{"payload":{"local_timestamp":1721638788152,"message_id":111,"param":{"paramName":"hsv_h","paramValue":0.015,"source":"manual","step":null}},"type":"parameter_msg"}
{"payload":{"local_timestamp":1721638788152,"message_id":112,"param":{"paramName":"hsv_s","paramValue":0.7,"source":"manual","step":null}},"type":"parameter_msg"}
{"payload":{"local_timestamp":1721638788152,"message_id":113,"param":{"paramName":"hsv_v","paramValue":0.4,"source":"manual","step":null}},"type":"parameter_msg"}
{"payload":{"local_timestamp":1721638788152,"message_id":114,"param":{"paramName":"iou_t","paramValue":0.2,"source":"manual","step":null}},"type":"parameter_msg"}
{"payload":{"local_timestamp":1721638788152,"message_id":115,"param":{"paramName":"lr0","paramValue":0.01,"source":"manual","step":null}},"type":"parameter_msg"}
{"payload":{"local_timestamp":1721638788152,"message_id":116,"param":{"paramName":"lrf","paramValue":0.01,"source":"manual","step":null}},"type":"parameter_msg"}
{"payload":{"local_timestamp":1721638788152,"message_id":117,"param":{"paramName":"mixup","paramValue":0.0,"source":"manual","step":null}},"type":"parameter_msg"}
{"payload":{"local_timestamp":1721638788152,"message_id":118,"param":{"paramName":"momentum","paramValue":0.937,"source":"manual","step":null}},"type":"parameter_msg"}
{"payload":{"local_timestamp":1721638788152,"message_id":119,"param":{"paramName":"mosaic","paramValue":1.0,"source":"manual","step":null}},"type":"parameter_msg"}
{"payload":{"local_timestamp":1721638788152,"message_id":120,"param":{"paramName":"obj","paramValue":1.0,"source":"manual","step":null}},"type":"parameter_msg"}
{"payload":{"local_timestamp":1721638788152,"message_id":121,"param":{"paramName":"obj_pw","paramValue":1.0,"source":"manual","step":null}},"type":"parameter_msg"}
{"payload":{"local_timestamp":1721638788152,"message_id":122,"param":{"paramName":"perspective","paramValue":0.0,"source":"manual","step":null}},"type":"parameter_msg"}
{"payload":{"local_timestamp":1721638788152,"message_id":123,"param":{"paramName":"scale","paramValue":0.5,"source":"manual","step":null}},"type":"parameter_msg"}
{"payload":{"local_timestamp":1721638788152,"message_id":124,"param":{"paramName":"shear","paramValue":0.0,"source":"manual","step":null}},"type":"parameter_msg"}
{"payload":{"local_timestamp":1721638788152,"message_id":125,"param":{"paramName":"translate","paramValue":0.1,"source":"manual","step":null}},"type":"parameter_msg"}
{"payload":{"local_timestamp":1721638788152,"message_id":126,"param":{"paramName":"warmup_bias_lr","paramValue":0.1,"source":"manual","step":null}},"type":"parameter_msg"}
{"payload":{"local_timestamp":1721638788152,"message_id":127,"param":{"paramName":"warmup_epochs","paramValue":3.0,"source":"manual","step":null}},"type":"parameter_msg"}
{"payload":{"local_timestamp":1721638788152,"message_id":128,"param":{"paramName":"warmup_momentum","paramValue":0.8,"source":"manual","step":null}},"type":"parameter_msg"}
{"payload":{"local_timestamp":1721638788152,"message_id":129,"param":{"paramName":"weight_decay","paramValue":0.0005,"source":"manual","step":null}},"type":"parameter_msg"}
{"payload":{"additional_params":{"assetId":"4cb1c8b45ecd405fbfcf35169e415fa9","context":null,"epoch":null,"extension":"json","fileName":"hyperparameters.json","overwrite":false,"runId":null,"step":null},"clean":true,"file_path":"tmp90kmrj21","local_timestamp":1721638788156,"message_id":130,"metadata":{"type":"hyp-config-file"},"upload_type":"asset"},"type":"file_upload"}
{"payload":{"additional_params":{"assetId":"953bac7f68924eed858297268bf4a72a","context":null,"extension":"yaml","fileName":"opt.yaml","overwrite":false,"runId":null,"step":null},"clean":true,"file_path":"tmp42okqdx8","local_timestamp":1721638788160,"message_id":131,"metadata":{"type":"opt-config-file"},"upload_type":"asset"},"type":"file_upload"}
{"payload":{"local_timestamp":1721638788160,"message_id":132,"param":{"paramName":"val_conf_threshold","paramValue":0.001,"source":"manual","step":null}},"type":"parameter_msg"}
{"payload":{"local_timestamp":1721638788160,"message_id":133,"param":{"paramName":"val_iou_threshold","paramValue":0.6,"source":"manual","step":null}},"type":"parameter_msg"}
{"payload":{"key":"comet_mode","message_id":134,"value":"online"},"type":"log_other"}
{"payload":{"key":"comet_max_image_uploads","message_id":135,"value":100},"type":"log_other"}
{"payload":{"key":"comet_log_per_class_metrics","message_id":136,"value":false},"type":"log_other"}
{"payload":{"key":"comet_log_batch_metrics","message_id":137,"value":false},"type":"log_other"}
{"payload":{"key":"comet_log_confusion_matrix","message_id":138,"value":true},"type":"log_other"}
{"payload":{"key":"comet_model_name","message_id":139,"value":"yolov5"},"type":"log_other"}
{"payload":{"local_timestamp":1721638788588,"message_id":140,"output":"Downloading https://github.com/ultralytics/yolov5/releases/download/v7.0/yolov5s.pt to yolov5s.pt...\n","stderr":true},"type":"standard_output"}
{"payload":{"local_timestamp":1721638789576,"message_id":141,"output":"\r  0%|                                                                                                             | 0.00/14.1M [00:00<?, ?B/s]","stderr":true},"type":"standard_output"}
{"payload":{"local_timestamp":1721638789696,"message_id":142,"output":"\r  1%|\u2589                                                                                                    | 128k/14.1M [00:00<00:13, 1.10MB/s]","stderr":true},"type":"standard_output"}
{"payload":{"local_timestamp":1721638789828,"message_id":143,"output":"\r  4%|\u2588\u2588\u2588\u258c                                                                                                 | 512k/14.1M [00:00<00:06, 2.26MB/s]","stderr":true},"type":"standard_output"}
{"payload":{"local_timestamp":1721638789944,"message_id":144,"output":"\r  6%|\u2588\u2588\u2588\u2588\u2588\u2588\u258e                                                                                              | 896k/14.1M [00:00<00:05, 2.74MB/s]","stderr":true},"type":"standard_output"}
{"payload":{"local_timestamp":1721638790061,"message_id":145,"output":"\r  9%|\u2588\u2588\u2588\u2588\u2588\u2588\u2588\u2588\u258a                                                                                           | 1.25M/14.1M [00:00<00:04, 2.98MB/s]","stderr":true},"type":"standard_output"}
{"payload":{"local_timestamp":1721638790180,"message_id":146,"output":"\r 12%|\u2588\u2588\u2588\u2588\u2588\u2588\u2588\u2588\u2588\u2588\u2588\u258c                                                                                        | 1.62M/14.1M [00:00<00:04, 3.10MB/s]","stderr":true},"type":"standard_output"}
{"payload":{"local_timestamp":1721638790296,"message_id":147,"output":"\r 14%|\u2588\u2588\u2588\u2588\u2588\u2588\u2588\u2588\u2588\u2588\u2588\u2588\u2588\u2588\u258f                                                                                     | 2.00M/14.1M [00:00<00:03, 3.20MB/s]","stderr":true},"type":"standard_output"}
{"payload":{"local_timestamp":1721638790414,"message_id":148,"output":"\r 17%|\u2588\u2588\u2588\u2588\u2588\u2588\u2588\u2588\u2588\u2588\u2588\u2588\u2588\u2588\u2588\u2588\u258a                                                                                   | 2.38M/14.1M [00:00<00:03, 3.25MB/s]","stderr":true},"type":"standard_output"}
{"payload":{"local_timestamp":1721638790533,"message_id":149,"output":"\r 19%|\u2588\u2588\u2588\u2588\u2588\u2588\u2588\u2588\u2588\u2588\u2588\u2588\u2588\u2588\u2588\u2588\u2588\u2588\u2588\u258d                                                                                | 2.75M/14.1M [00:00<00:03, 3.26MB/s]","stderr":true},"type":"standard_output"}
{"payload":{"local_timestamp":1721638790649,"message_id":150,"output":"\r 22%|\u2588\u2588\u2588\u2588\u2588\u2588\u2588\u2588\u2588\u2588\u2588\u2588\u2588\u2588\u2588\u2588\u2588\u2588\u2588\u2588\u2588\u2588\u258f                                                                             | 3.12M/14.1M [00:01<00:03, 3.29MB/s]","stderr":true},"type":"standard_output"}
{"payload":{"local_timestamp":1721638790766,"message_id":151,"output":"\r 25%|\u2588\u2588\u2588\u2588\u2588\u2588\u2588\u2588\u2588\u2588\u2588\u2588\u2588\u2588\u2588\u2588\u2588\u2588\u2588\u2588\u2588\u2588\u2588\u2588\u258a                                                                           | 3.50M/14.1M [00:01<00:03, 3.31MB/s]","stderr":true},"type":"standard_output"}
{"payload":{"local_timestamp":1721638790886,"message_id":152,"output":"\r 27%|\u2588\u2588\u2588\u2588\u2588\u2588\u2588\u2588\u2588\u2588\u2588\u2588\u2588\u2588\u2588\u2588\u2588\u2588\u2588\u2588\u2588\u2588\u2588\u2588\u2588\u2588\u2588\u258d                                                                        | 3.88M/14.1M [00:01<00:03, 3.30MB/s]","stderr":true},"type":"standard_output"}
{"payload":{"local_timestamp":1721638791001,"message_id":153,"output":"\r 30%|\u2588\u2588\u2588\u2588\u2588\u2588\u2588\u2588\u2588\u2588\u2588\u2588\u2588\u2588\u2588\u2588\u2588\u2588\u2588\u2588\u2588\u2588\u2588\u2588\u2588\u2588\u2588\u2588\u2588\u2588                                                                      | 4.25M/14.1M [00:01<00:03, 3.33MB/s]","stderr":true},"type":"standard_output"}
{"payload":{"local_timestamp":1721638791117,"message_id":154,"output":"\r 33%|\u2588\u2588\u2588\u2588\u2588\u2588\u2588\u2588\u2588\u2588\u2588\u2588\u2588\u2588\u2588\u2588\u2588\u2588\u2588\u2588\u2588\u2588\u2588\u2588\u2588\u2588\u2588\u2588\u2588\u2588\u2588\u2588\u258b                                                                   | 4.62M/14.1M [00:01<00:02, 3.36MB/s]","stderr":true},"type":"standard_output"}
{"payload":{"local_timestamp":1721638791235,"message_id":155,"output":"\r 35%|\u2588\u2588\u2588\u2588\u2588\u2588\u2588\u2588\u2588\u2588\u2588\u2588\u2588\u2588\u2588\u2588\u2588\u2588\u2588\u2588\u2588\u2588\u2588\u2588\u2588\u2588\u2588\u2588\u2588\u2588\u2588\u2588\u2588\u2588\u2588\u258d                                                                | 5.00M/14.1M [00:01<00:02, 3.35MB/s]","stderr":true},"type":"standard_output"}
{"payload":{"local_timestamp":1721638791352,"message_id":156,"output":"\r 38%|\u2588\u2588\u2588\u2588\u2588\u2588\u2588\u2588\u2588\u2588\u2588\u2588\u2588\u2588\u2588\u2588\u2588\u2588\u2588\u2588\u2588\u2588\u2588\u2588\u2588\u2588\u2588\u2588\u2588\u2588\u2588\u2588\u2588\u2588\u2588\u2588\u2588\u2588                                                              | 5.38M/14.1M [00:01<00:02, 3.35MB/s]","stderr":true},"type":"standard_output"}
{"payload":{"local_timestamp":1721638791468,"message_id":157,"output":"\r 41%|\u2588\u2588\u2588\u2588\u2588\u2588\u2588\u2588\u2588\u2588\u2588\u2588\u2588\u2588\u2588\u2588\u2588\u2588\u2588\u2588\u2588\u2588\u2588\u2588\u2588\u2588\u2588\u2588\u2588\u2588\u2588\u2588\u2588\u2588\u2588\u2588\u2588\u2588\u2588\u2588\u258b                                                           | 5.75M/14.1M [00:01<00:02, 3.36MB/s]","stderr":true},"type":"standard_output"}
{"payload":{"local_timestamp":1721638791586,"message_id":158,"output":"\r 43%|\u2588\u2588\u2588\u2588\u2588\u2588\u2588\u2588\u2588\u2588\u2588\u2588\u2588\u2588\u2588\u2588\u2588\u2588\u2588\u2588\u2588\u2588\u2588\u2588\u2588\u2588\u2588\u2588\u2588\u2588\u2588\u2588\u2588\u2588\u2588\u2588\u2588\u2588\u2588\u2588\u2588\u2588\u2588\u258e                                                        | 6.12M/14.1M [00:02<00:02, 3.35MB/s]","stderr":true},"type":"standard_output"}
{"payload":{"local_timestamp":1721638791704,"message_id":159,"output":"\r 46%|\u2588\u2588\u2588\u2588\u2588\u2588\u2588\u2588\u2588\u2588\u2588\u2588\u2588\u2588\u2588\u2588\u2588\u2588\u2588\u2588\u2588\u2588\u2588\u2588\u2588\u2588\u2588\u2588\u2588\u2588\u2588\u2588\u2588\u2588\u2588\u2588\u2588\u2588\u2588\u2588\u2588\u2588\u2588\u2588\u2588\u2588                                                      | 6.50M/14.1M [00:02<00:02, 3.35MB/s]","stderr":true},"type":"standard_output"}
{"payload":{"local_timestamp":1721638791820,"message_id":160,"output":"\r 49%|\u2588\u2588\u2588\u2588\u2588\u2588\u2588\u2588\u2588\u2588\u2588\u2588\u2588\u2588\u2588\u2588\u2588\u2588\u2588\u2588\u2588\u2588\u2588\u2588\u2588\u2588\u2588\u2588\u2588\u2588\u2588\u2588\u2588\u2588\u2588\u2588\u2588\u2588\u2588\u2588\u2588\u2588\u2588\u2588\u2588\u2588\u2588\u2588\u258b                                                   | 6.88M/14.1M [00:02<00:02, 3.36MB/s]","stderr":true},"type":"standard_output"}
{"payload":{"local_timestamp":1721638791937,"message_id":161,"output":"\r 51%|\u2588\u2588\u2588\u2588\u2588\u2588\u2588\u2588\u2588\u2588\u2588\u2588\u2588\u2588\u2588\u2588\u2588\u2588\u2588\u2588\u2588\u2588\u2588\u2588\u2588\u2588\u2588\u2588\u2588\u2588\u2588\u2588\u2588\u2588\u2588\u2588\u2588\u2588\u2588\u2588\u2588\u2588\u2588\u2588\u2588\u2588\u2588\u2588\u2588\u2588\u2588\u258e                                                | 7.25M/14.1M [00:02<00:02, 3.36MB/s]","stderr":true},"type":"standard_output"}
{"payload":{"local_timestamp":1721638792055,"message_id":162,"output":"\r 54%|\u2588\u2588\u2588\u2588\u2588\u2588\u2588\u2588\u2588\u2588\u2588\u2588\u2588\u2588\u2588\u2588\u2588\u2588\u2588\u2588\u2588\u2588\u2588\u2588\u2588\u2588\u2588\u2588\u2588\u2588\u2588\u2588\u2588\u2588\u2588\u2588\u2588\u2588\u2588\u2588\u2588\u2588\u2588\u2588\u2588\u2588\u2588\u2588\u2588\u2588\u2588\u2588\u2588\u2589                                              | 7.62M/14.1M [00:02<00:02, 3.35MB/s]","stderr":true},"type":"standard_output"}
{"payload":{"local_timestamp":1721638792171,"message_id":163,"output":"\r 57%|\u2588\u2588\u2588\u2588\u2588\u2588\u2588\u2588\u2588\u2588\u2588\u2588\u2588\u2588\u2588\u2588\u2588\u2588\u2588\u2588\u2588\u2588\u2588\u2588\u2588\u2588\u2588\u2588\u2588\u2588\u2588\u2588\u2588\u2588\u2588\u2588\u2588\u2588\u2588\u2588\u2588\u2588\u2588\u2588\u2588\u2588\u2588\u2588\u2588\u2588\u2588\u2588\u2588\u2588\u2588\u2588\u258b                                           | 8.00M/14.1M [00:02<00:01, 3.36MB/s]","stderr":true},"type":"standard_output"}
{"payload":{"local_timestamp":1721638792289,"message_id":164,"output":"\r 59%|\u2588\u2588\u2588\u2588\u2588\u2588\u2588\u2588\u2588\u2588\u2588\u2588\u2588\u2588\u2588\u2588\u2588\u2588\u2588\u2588\u2588\u2588\u2588\u2588\u2588\u2588\u2588\u2588\u2588\u2588\u2588\u2588\u2588\u2588\u2588\u2588\u2588\u2588\u2588\u2588\u2588\u2588\u2588\u2588\u2588\u2588\u2588\u2588\u2588\u2588\u2588\u2588\u2588\u2588\u2588\u2588\u2588\u2588\u2588\u258e                                        | 8.38M/14.1M [00:02<00:01, 3.36MB/s]","stderr":true},"type":"standard_output"}
{"payload":{"local_timestamp":1721638792405,"message_id":165,"output":"\r 62%|\u2588\u2588\u2588\u2588\u2588\u2588\u2588\u2588\u2588\u2588\u2588\u2588\u2588\u2588\u2588\u2588\u2588\u2588\u2588\u2588\u2588\u2588\u2588\u2588\u2588\u2588\u2588\u2588\u2588\u2588\u2588\u2588\u2588\u2588\u2588\u2588\u2588\u2588\u2588\u2588\u2588\u2588\u2588\u2588\u2588\u2588\u2588\u2588\u2588\u2588\u2588\u2588\u2588\u2588\u2588\u2588\u2588\u2588\u2588\u2588\u2588\u2589                                      | 8.75M/14.1M [00:02<00:01, 3.36MB/s]","stderr":true},"type":"standard_output"}
{"payload":{"local_timestamp":1721638792522,"message_id":166,"output":"\r 65%|\u2588\u2588\u2588\u2588\u2588\u2588\u2588\u2588\u2588\u2588\u2588\u2588\u2588\u2588\u2588\u2588\u2588\u2588\u2588\u2588\u2588\u2588\u2588\u2588\u2588\u2588\u2588\u2588\u2588\u2588\u2588\u2588\u2588\u2588\u2588\u2588\u2588\u2588\u2588\u2588\u2588\u2588\u2588\u2588\u2588\u2588\u2588\u2588\u2588\u2588\u2588\u2588\u2588\u2588\u2588\u2588\u2588\u2588\u2588\u2588\u2588\u2588\u2588\u2588\u258c                                   | 9.12M/14.1M [00:02<00:01, 3.36MB/s]","stderr":true},"type":"standard_output"}
{"payload":{"local_timestamp":1721638792640,"message_id":167,"output":"\r 67%|\u2588\u2588\u2588\u2588\u2588\u2588\u2588\u2588\u2588\u2588\u2588\u2588\u2588\u2588\u2588\u2588\u2588\u2588\u2588\u2588\u2588\u2588\u2588\u2588\u2588\u2588\u2588\u2588\u2588\u2588\u2588\u2588\u2588\u2588\u2588\u2588\u2588\u2588\u2588\u2588\u2588\u2588\u2588\u2588\u2588\u2588\u2588\u2588\u2588\u2588\u2588\u2588\u2588\u2588\u2588\u2588\u2588\u2588\u2588\u2588\u2588\u2588\u2588\u2588\u2588\u2588\u2588\u258e                                | 9.50M/14.1M [00:03<00:01, 3.35MB/s]","stderr":true},"type":"standard_output"}
{"payload":{"local_timestamp":1721638792757,"message_id":168,"output":"\r 70%|\u2588\u2588\u2588\u2588\u2588\u2588\u2588\u2588\u2588\u2588\u2588\u2588\u2588\u2588\u2588\u2588\u2588\u2588\u2588\u2588\u2588\u2588\u2588\u2588\u2588\u2588\u2588\u2588\u2588\u2588\u2588\u2588\u2588\u2588\u2588\u2588\u2588\u2588\u2588\u2588\u2588\u2588\u2588\u2588\u2588\u2588\u2588\u2588\u2588\u2588\u2588\u2588\u2588\u2588\u2588\u2588\u2588\u2588\u2588\u2588\u2588\u2588\u2588\u2588\u2588\u2588\u2588\u2588\u2588\u2589                              | 9.88M/14.1M [00:03<00:01, 3.36MB/s]","stderr":true},"type":"standard_output"}
{"payload":{"local_timestamp":1721638792875,"message_id":169,"output":"\r 73%|\u2588\u2588\u2588\u2588\u2588\u2588\u2588\u2588\u2588\u2588\u2588\u2588\u2588\u2588\u2588\u2588\u2588\u2588\u2588\u2588\u2588\u2588\u2588\u2588\u2588\u2588\u2588\u2588\u2588\u2588\u2588\u2588\u2588\u2588\u2588\u2588\u2588\u2588\u2588\u2588\u2588\u2588\u2588\u2588\u2588\u2588\u2588\u2588\u2588\u2588\u2588\u2588\u2588\u2588\u2588\u2588\u2588\u2588\u2588\u2588\u2588\u2588\u2588\u2588\u2588\u2588\u2588\u2588\u2588\u2588\u2588\u2588\u258c                           | 10.2M/14.1M [00:03<00:01, 3.35MB/s]","stderr":true},"type":"standard_output"}
{"payload":{"local_timestamp":1721638792994,"message_id":170,"output":"\r 75%|\u2588\u2588\u2588\u2588\u2588\u2588\u2588\u2588\u2588\u2588\u2588\u2588\u2588\u2588\u2588\u2588\u2588\u2588\u2588\u2588\u2588\u2588\u2588\u2588\u2588\u2588\u2588\u2588\u2588\u2588\u2588\u2588\u2588\u2588\u2588\u2588\u2588\u2588\u2588\u2588\u2588\u2588\u2588\u2588\u2588\u2588\u2588\u2588\u2588\u2588\u2588\u2588\u2588\u2588\u2588\u2588\u2588\u2588\u2588\u2588\u2588\u2588\u2588\u2588\u2588\u2588\u2588\u2588\u2588\u2588\u2588\u2588\u2588\u2588\u2588\u258f                        | 10.6M/14.1M [00:03<00:01, 3.35MB/s]","stderr":true},"type":"standard_output"}
{"payload":{"local_timestamp":1721638793111,"message_id":171,"output":"\r 78%|\u2588\u2588\u2588\u2588\u2588\u2588\u2588\u2588\u2588\u2588\u2588\u2588\u2588\u2588\u2588\u2588\u2588\u2588\u2588\u2588\u2588\u2588\u2588\u2588\u2588\u2588\u2588\u2588\u2588\u2588\u2588\u2588\u2588\u2588\u2588\u2588\u2588\u2588\u2588\u2588\u2588\u2588\u2588\u2588\u2588\u2588\u2588\u2588\u2588\u2588\u2588\u2588\u2588\u2588\u2588\u2588\u2588\u2588\u2588\u2588\u2588\u2588\u2588\u2588\u2588\u2588\u2588\u2588\u2588\u2588\u2588\u2588\u2588\u2588\u2588\u2588\u2588\u2589                      | 11.0M/14.1M [00:03<00:00, 3.34MB/s]","stderr":true},"type":"standard_output"}
{"payload":{"local_timestamp":1721638793229,"message_id":172,"output":"\r 81%|\u2588\u2588\u2588\u2588\u2588\u2588\u2588\u2588\u2588\u2588\u2588\u2588\u2588\u2588\u2588\u2588\u2588\u2588\u2588\u2588\u2588\u2588\u2588\u2588\u2588\u2588\u2588\u2588\u2588\u2588\u2588\u2588\u2588\u2588\u2588\u2588\u2588\u2588\u2588\u2588\u2588\u2588\u2588\u2588\u2588\u2588\u2588\u2588\u2588\u2588\u2588\u2588\u2588\u2588\u2588\u2588\u2588\u2588\u2588\u2588\u2588\u2588\u2588\u2588\u2588\u2588\u2588\u2588\u2588\u2588\u2588\u2588\u2588\u2588\u2588\u2588\u2588\u2588\u2588\u2588\u258c                   | 11.4M/14.1M [00:03<00:00, 3.34MB/s]","stderr":true},"type":"standard_output"}
{"payload":{"local_timestamp":1721638793345,"message_id":173,"output":"\r 83%|\u2588\u2588\u2588\u2588\u2588\u2588\u2588\u2588\u2588\u2588\u2588\u2588\u2588\u2588\u2588\u2588\u2588\u2588\u2588\u2588\u2588\u2588\u2588\u2588\u2588\u2588\u2588\u2588\u2588\u2588\u2588\u2588\u2588\u2588\u2588\u2588\u2588\u2588\u2588\u2588\u2588\u2588\u2588\u2588\u2588\u2588\u2588\u2588\u2588\u2588\u2588\u2588\u2588\u2588\u2588\u2588\u2588\u2588\u2588\u2588\u2588\u2588\u2588\u2588\u2588\u2588\u2588\u2588\u2588\u2588\u2588\u2588\u2588\u2588\u2588\u2588\u2588\u2588\u2588\u2588\u2588\u2588\u2588\u258f                | 11.8M/14.1M [00:03<00:00, 3.35MB/s]","stderr":true},"type":"standard_output"}
{"payload":{"local_timestamp":1721638793464,"message_id":174,"output":"\r 86%|\u2588\u2588\u2588\u2588\u2588\u2588\u2588\u2588\u2588\u2588\u2588\u2588\u2588\u2588\u2588\u2588\u2588\u2588\u2588\u2588\u2588\u2588\u2588\u2588\u2588\u2588\u2588\u2588\u2588\u2588\u2588\u2588\u2588\u2588\u2588\u2588\u2588\u2588\u2588\u2588\u2588\u2588\u2588\u2588\u2588\u2588\u2588\u2588\u2588\u2588\u2588\u2588\u2588\u2588\u2588\u2588\u2588\u2588\u2588\u2588\u2588\u2588\u2588\u2588\u2588\u2588\u2588\u2588\u2588\u2588\u2588\u2588\u2588\u2588\u2588\u2588\u2588\u2588\u2588\u2588\u2588\u2588\u2588\u2588\u2588\u258a              | 12.1M/14.1M [00:03<00:00, 3.34MB/s]","stderr":true},"type":"standard_output"}
{"payload":{"local_timestamp":1721638793580,"message_id":175,"output":"\r 89%|\u2588\u2588\u2588\u2588\u2588\u2588\u2588\u2588\u2588\u2588\u2588\u2588\u2588\u2588\u2588\u2588\u2588\u2588\u2588\u2588\u2588\u2588\u2588\u2588\u2588\u2588\u2588\u2588\u2588\u2588\u2588\u2588\u2588\u2588\u2588\u2588\u2588\u2588\u2588\u2588\u2588\u2588\u2588\u2588\u2588\u2588\u2588\u2588\u2588\u2588\u2588\u2588\u2588\u2588\u2588\u2588\u2588\u2588\u2588\u2588\u2588\u2588\u2588\u2588\u2588\u2588\u2588\u2588\u2588\u2588\u2588\u2588\u2588\u2588\u2588\u2588\u2588\u2588\u2588\u2588\u2588\u2588\u2588\u2588\u2588\u2588\u2588\u2588\u258c           | 12.5M/14.1M [00:04<00:00, 3.35MB/s]","stderr":true},"type":"standard_output"}
{"payload":{"local_timestamp":1721638793697,"message_id":176,"output":"\r 91%|\u2588\u2588\u2588\u2588\u2588\u2588\u2588\u2588\u2588\u2588\u2588\u2588\u2588\u2588\u2588\u2588\u2588\u2588\u2588\u2588\u2588\u2588\u2588\u2588\u2588\u2588\u2588\u2588\u2588\u2588\u2588\u2588\u2588\u2588\u2588\u2588\u2588\u2588\u2588\u2588\u2588\u2588\u2588\u2588\u2588\u2588\u2588\u2588\u2588\u2588\u2588\u2588\u2588\u2588\u2588\u2588\u2588\u2588\u2588\u2588\u2588\u2588\u2588\u2588\u2588\u2588\u2588\u2588\u2588\u2588\u2588\u2588\u2588\u2588\u2588\u2588\u2588\u2588\u2588\u2588\u2588\u2588\u2588\u2588\u2588\u2588\u2588\u2588\u2588\u2588\u2588\u258f        | 12.9M/14.1M [00:04<00:00, 3.36MB/s]","stderr":true},"type":"standard_output"}
{"payload":{"local_timestamp":1721638793815,"message_id":177,"output":"\r 94%|\u2588\u2588\u2588\u2588\u2588\u2588\u2588\u2588\u2588\u2588\u2588\u2588\u2588\u2588\u2588\u2588\u2588\u2588\u2588\u2588\u2588\u2588\u2588\u2588\u2588\u2588\u2588\u2588\u2588\u2588\u2588\u2588\u2588\u2588\u2588\u2588\u2588\u2588\u2588\u2588\u2588\u2588\u2588\u2588\u2588\u2588\u2588\u2588\u2588\u2588\u2588\u2588\u2588\u2588\u2588\u2588\u2588\u2588\u2588\u2588\u2588\u2588\u2588\u2588\u2588\u2588\u2588\u2588\u2588\u2588\u2588\u2588\u2588\u2588\u2588\u2588\u2588\u2588\u2588\u2588\u2588\u2588\u2588\u2588\u2588\u2588\u2588\u2588\u2588\u2588\u2588\u2588\u2588\u258a      | 13.2M/14.1M [00:04<00:00, 3.35MB/s]","stderr":true},"type":"standard_output"}
{"payload":{"local_timestamp":1721638793931,"message_id":178,"output":"\r 96%|\u2588\u2588\u2588\u2588\u2588\u2588\u2588\u2588\u2588\u2588\u2588\u2588\u2588\u2588\u2588\u2588\u2588\u2588\u2588\u2588\u2588\u2588\u2588\u2588\u2588\u2588\u2588\u2588\u2588\u2588\u2588\u2588\u2588\u2588\u2588\u2588\u2588\u2588\u2588\u2588\u2588\u2588\u2588\u2588\u2588\u2588\u2588\u2588\u2588\u2588\u2588\u2588\u2588\u2588\u2588\u2588\u2588\u2588\u2588\u2588\u2588\u2588\u2588\u2588\u2588\u2588\u2588\u2588\u2588\u2588\u2588\u2588\u2588\u2588\u2588\u2588\u2588\u2588\u2588\u2588\u2588\u2588\u2588\u2588\u2588\u2588\u2588\u2588\u2588\u2588\u2588\u2588\u2588\u2588\u2588\u2588\u258d   | 13.6M/14.1M [00:04<00:00, 3.36MB/s]","stderr":true},"type":"standard_output"}
{"payload":{"local_timestamp":1721638794048,"message_id":179,"output":"\r 99%|\u2588\u2588\u2588\u2588\u2588\u2588\u2588\u2588\u2588\u2588\u2588\u2588\u2588\u2588\u2588\u2588\u2588\u2588\u2588\u2588\u2588\u2588\u2588\u2588\u2588\u2588\u2588\u2588\u2588\u2588\u2588\u2588\u2588\u2588\u2588\u2588\u2588\u2588\u2588\u2588\u2588\u2588\u2588\u2588\u2588\u2588\u2588\u2588\u2588\u2588\u2588\u2588\u2588\u2588\u2588\u2588\u2588\u2588\u2588\u2588\u2588\u2588\u2588\u2588\u2588\u2588\u2588\u2588\u2588\u2588\u2588\u2588\u2588\u2588\u2588\u2588\u2588\u2588\u2588\u2588\u2588\u2588\u2588\u2588\u2588\u2588\u2588\u2588\u2588\u2588\u2588\u2588\u2588\u2588\u2588\u2588\u2588\u2588\u2588\u258f| 14.0M/14.1M [00:04<00:00, 3.36MB/s]","stderr":true},"type":"standard_output"}
{"payload":{"local_timestamp":1721638794084,"message_id":180,"output":"\r100%|\u2588\u2588\u2588\u2588\u2588\u2588\u2588\u2588\u2588\u2588\u2588\u2588\u2588\u2588\u2588\u2588\u2588\u2588\u2588\u2588\u2588\u2588\u2588\u2588\u2588\u2588\u2588\u2588\u2588\u2588\u2588\u2588\u2588\u2588\u2588\u2588\u2588\u2588\u2588\u2588\u2588\u2588\u2588\u2588\u2588\u2588\u2588\u2588\u2588\u2588\u2588\u2588\u2588\u2588\u2588\u2588\u2588\u2588\u2588\u2588\u2588\u2588\u2588\u2588\u2588\u2588\u2588\u2588\u2588\u2588\u2588\u2588\u2588\u2588\u2588\u2588\u2588\u2588\u2588\u2588\u2588\u2588\u2588\u2588\u2588\u2588\u2588\u2588\u2588\u2588\u2588\u2588\u2588\u2588\u2588\u2588\u2588\u2588\u2588\u2588| 14.1M/14.1M [00:04<00:00, 3.29MB/s]","stderr":true},"type":"standard_output"}
{"payload":{"local_timestamp":1721638794084,"message_id":181,"output":"\n","stderr":true},"type":"standard_output"}
{"payload":{"local_timestamp":1721638794085,"message_id":182,"output":"\n","stderr":true},"type":"standard_output"}
{"payload":{"local_timestamp":1721638794125,"message_id":183,"output":"Overriding model.yaml nc=80 with nc=1\n","stderr":true},"type":"standard_output"}
{"payload":{"local_timestamp":1721638794126,"message_id":184,"output":"\n                 from  n    params  module                                  arguments                     \n","stderr":true},"type":"standard_output"}
{"payload":{"local_timestamp":1721638794134,"message_id":185,"output":"  0                -1  1      3520  models.common.Conv                      [3, 32, 6, 2, 2]              \n","stderr":true},"type":"standard_output"}
{"payload":{"local_timestamp":1721638794134,"message_id":186,"output":"  1                -1  1     18560  models.common.Conv                      [32, 64, 3, 2]                \n","stderr":true},"type":"standard_output"}
{"payload":{"local_timestamp":1721638794137,"message_id":187,"output":"  2                -1  1     18816  models.common.C3                        [64, 64, 1]                   \n","stderr":true},"type":"standard_output"}
{"payload":{"local_timestamp":1721638794140,"message_id":188,"output":"  3                -1  1     73984  models.common.Conv                      [64, 128, 3, 2]               \n","stderr":true},"type":"standard_output"}
{"payload":{"local_timestamp":1721638794144,"message_id":189,"output":"  4                -1  2    115712  models.common.C3                        [128, 128, 2]                 \n","stderr":true},"type":"standard_output"}
{"payload":{"local_timestamp":1721638794147,"message_id":190,"output":"  5                -1  1    295424  models.common.Conv                      [128, 256, 3, 2]              \n","stderr":true},"type":"standard_output"}
{"payload":{"local_timestamp":1721638794155,"message_id":191,"output":"  6                -1  3    625152  models.common.C3                        [256, 256, 3]                 \n","stderr":true},"type":"standard_output"}
{"payload":{"local_timestamp":1721638794163,"message_id":192,"output":"  7                -1  1   1180672  models.common.Conv                      [256, 512, 3, 2]              \n","stderr":true},"type":"standard_output"}
{"payload":{"local_timestamp":1721638794173,"message_id":193,"output":"  8                -1  1   1182720  models.common.C3                        [512, 512, 1]                 \n","stderr":true},"type":"standard_output"}
{"payload":{"local_timestamp":1721638794177,"message_id":194,"output":"  9                -1  1    656896  models.common.SPPF                      [512, 512, 5]                 \n","stderr":true},"type":"standard_output"}
{"payload":{"local_timestamp":1721638794179,"message_id":195,"output":" 10                -1  1    131584  models.common.Conv                      [512, 256, 1, 1]              \n","stderr":true},"type":"standard_output"}
{"payload":{"local_timestamp":1721638794179,"message_id":196,"output":" 11                -1  1         0  torch.nn.modules.upsampling.Upsample    [None, 2, 'nearest']          \n","stderr":true},"type":"standard_output"}
{"payload":{"local_timestamp":1721638794179,"message_id":197,"output":" 12           [-1, 6]  1         0  models.common.Concat                    [1]                           \n","stderr":true},"type":"standard_output"}
{"payload":{"local_timestamp":1721638794184,"message_id":198,"output":" 13                -1  1    361984  models.common.C3                        [512, 256, 1, False]          \n","stderr":true},"type":"standard_output"}
{"payload":{"local_timestamp":1721638794186,"message_id":199,"output":" 14                -1  1     33024  models.common.Conv                      [256, 128, 1, 1]              \n","stderr":true},"type":"standard_output"}
{"payload":{"local_timestamp":1721638794186,"message_id":200,"output":" 15                -1  1         0  torch.nn.modules.upsampling.Upsample    [None, 2, 'nearest']          \n","stderr":true},"type":"standard_output"}
{"payload":{"local_timestamp":1721638794187,"message_id":201,"output":" 16           [-1, 4]  1         0  models.common.Concat                    [1]                           \n","stderr":true},"type":"standard_output"}
{"payload":{"local_timestamp":1721638794189,"message_id":202,"output":" 17                -1  1     90880  models.common.C3                        [256, 128, 1, False]          \n","stderr":true},"type":"standard_output"}
{"payload":{"local_timestamp":1721638794190,"message_id":203,"output":" 18                -1  1    147712  models.common.Conv                      [128, 128, 3, 2]              \n","stderr":true},"type":"standard_output"}
{"payload":{"local_timestamp":1721638794190,"message_id":204,"output":" 19          [-1, 14]  1         0  models.common.Concat                    [1]                           \n","stderr":true},"type":"standard_output"}
{"payload":{"local_timestamp":1721638794195,"message_id":205,"output":" 20                -1  1    296448  models.common.C3                        [256, 256, 1, False]          \n","stderr":true},"type":"standard_output"}
{"payload":{"local_timestamp":1721638794197,"message_id":206,"output":" 21                -1  1    590336  models.common.Conv                      [256, 256, 3, 2]              \n","stderr":true},"type":"standard_output"}
{"payload":{"local_timestamp":1721638794198,"message_id":207,"output":" 22          [-1, 10]  1         0  models.common.Concat                    [1]                           \n","stderr":true},"type":"standard_output"}
{"payload":{"local_timestamp":1721638794205,"message_id":208,"output":" 23                -1  1   1182720  models.common.C3                        [512, 512, 1, False]          \n","stderr":true},"type":"standard_output"}
{"payload":{"local_timestamp":1721638794213,"message_id":209,"output":" 24      [17, 20, 23]  1     16182  models.yolo.Detect                      [1, [[10, 13, 16, 30, 33, 23], [30, 61, 62, 45, 59, 119], [116, 90, 156, 198, 373, 326]], [128, 256, 512]]\n","stderr":true},"type":"standard_output"}
{"payload":{"local_timestamp":1721638794548,"message_id":210,"output":"Model summary: 214 layers, 7022326 parameters, 7022326 gradients, 15.9 GFLOPs\n","stderr":true},"type":"standard_output"}
{"payload":{"local_timestamp":1721638794548,"message_id":211,"output":"\n","stderr":true},"type":"standard_output"}
{"payload":{"local_timestamp":1721638794577,"message_id":212,"output":"Transferred 343/349 items from yolov5s.pt\n","stderr":true},"type":"standard_output"}
{"payload":{"local_timestamp":1721638794579,"message_id":213,"output":"\u001b[34m\u001b[1moptimizer:\u001b[0m SGD(lr=0.01) with parameter groups 57 weight(decay=0.0), 60 weight(decay=0.0005), 60 bias\n","stderr":true},"type":"standard_output"}
{"payload":{"local_timestamp":1721638794708,"message_id":214,"output":"\r\u001b[34m\u001b[1mtrain: \u001b[0mScanning C:\\Users\\Burak\\Downloads\\Object Detection.v1i.coco\\train...:   0%|          | 0/63 [00:00<?, ?it/s]\u001b[0m","stderr":true},"type":"standard_output"}
{"payload":{"local_timestamp":1721638801992,"message_id":215,"output":"\r\u001b[34m\u001b[1mtrain: \u001b[0mScanning C:\\Users\\Burak\\Downloads\\Object Detection.v1i.coco\\train... 0 images, 1 backgrounds, 0 corrupt:   2%|\u258f         | 1/63 [00:07<0\u001b[0m","stderr":true},"type":"standard_output"}
{"payload":{"local_timestamp":1721638802091,"message_id":216,"output":"\r\u001b[34m\u001b[1mtrain: \u001b[0mScanning C:\\Users\\Burak\\Downloads\\Object Detection.v1i.coco\\train... 0 images, 43 backgrounds, 0 corrupt:  68%|\u2588\u2588\u2588\u2588\u2588\u2588\u258a   | 43/63 [00:07\u001b[0m","stderr":true},"type":"standard_output"}
{"payload":{"local_timestamp":1721638802124,"message_id":217,"output":"\r\u001b[34m\u001b[1mtrain: \u001b[0mScanning C:\\Users\\Burak\\Downloads\\Object Detection.v1i.coco\\train... 0 images, 63 backgrounds, 0 corrupt: 100%|\u2588\u2588\u2588\u2588\u2588\u2588\u2588\u2588\u2588\u2588| 63/63 [00:07\u001b[0m","stderr":true},"type":"standard_output"}
{"payload":{"local_timestamp":1721638802124,"message_id":218,"output":"\n","stderr":true},"type":"standard_output"}
{"payload":{"local_timestamp":1721638802196,"message_id":219,"output":"\u001b[34m\u001b[1mtrain: \u001b[0mWARNING  No labels found in C:\\Users\\Burak\\Downloads\\Object Detection.v1i.coco\\train.cache. See https://docs.ultralytics.com/yolov5/tutorials/train_custom_data\n","stderr":true},"type":"standard_output"}
{"payload":{"local_timestamp":1721638802206,"message_id":220,"output":"\u001b[34m\u001b[1mtrain: \u001b[0mNew cache created: C:\\Users\\Burak\\Downloads\\Object Detection.v1i.coco\\train.cache\n","stderr":true},"type":"standard_output"}
{"payload":{"local_timestamp":1721638802207,"message_id":221,"output":"Traceback (most recent call last):\n","stderr":true},"type":"standard_output"}
{"payload":{"local_timestamp":1721638802207,"message_id":222,"output":"  File \"C:\\VS Code\\Python\\yolov5\\train.py\", line 852, in <module>\n","stderr":true},"type":"standard_output"}
{"payload":{"local_timestamp":1721638802207,"message_id":223,"output":"    ","stderr":true},"type":"standard_output"}
{"payload":{"local_timestamp":1721638802207,"message_id":224,"output":"main(opt)","stderr":true},"type":"standard_output"}
{"payload":{"local_timestamp":1721638802208,"message_id":225,"output":"\n","stderr":true},"type":"standard_output"}
{"payload":{"local_timestamp":1721638802208,"message_id":226,"output":"  File \"C:\\VS Code\\Python\\yolov5\\train.py\", line 627, in main\n","stderr":true},"type":"standard_output"}
{"payload":{"local_timestamp":1721638802209,"message_id":227,"output":"    ","stderr":true},"type":"standard_output"}
{"payload":{"local_timestamp":1721638802209,"message_id":228,"output":"train(opt.hyp, opt, device, callbacks)","stderr":true},"type":"standard_output"}
{"payload":{"local_timestamp":1721638802209,"message_id":229,"output":"\n","stderr":true},"type":"standard_output"}
{"payload":{"local_timestamp":1721638802209,"message_id":230,"output":"  File \"C:\\VS Code\\Python\\yolov5\\train.py\", line 258, in train\n","stderr":true},"type":"standard_output"}
{"payload":{"local_timestamp":1721638802209,"message_id":231,"output":"    ","stderr":true},"type":"standard_output"}
{"payload":{"local_timestamp":1721638802209,"message_id":232,"output":"train_loader, dataset = create_dataloader(","stderr":true},"type":"standard_output"}
{"payload":{"local_timestamp":1721638802209,"message_id":233,"output":"\n","stderr":true},"type":"standard_output"}
{"payload":{"local_timestamp":1721638802209,"message_id":234,"output":" ","stderr":true},"type":"standard_output"}
{"payload":{"local_timestamp":1721638802209,"message_id":235,"output":" ","stderr":true},"type":"standard_output"}
{"payload":{"local_timestamp":1721638802209,"message_id":236,"output":" ","stderr":true},"type":"standard_output"}
{"payload":{"local_timestamp":1721638802209,"message_id":237,"output":" ","stderr":true},"type":"standard_output"}
{"payload":{"local_timestamp":1721638802209,"message_id":238,"output":" ","stderr":true},"type":"standard_output"}
{"payload":{"local_timestamp":1721638802209,"message_id":239,"output":" ","stderr":true},"type":"standard_output"}
{"payload":{"local_timestamp":1721638802209,"message_id":240,"output":" ","stderr":true},"type":"standard_output"}
{"payload":{"local_timestamp":1721638802209,"message_id":241,"output":" ","stderr":true},"type":"standard_output"}
{"payload":{"local_timestamp":1721638802209,"message_id":242,"output":" ","stderr":true},"type":"standard_output"}
{"payload":{"local_timestamp":1721638802209,"message_id":243,"output":" ","stderr":true},"type":"standard_output"}
{"payload":{"local_timestamp":1721638802209,"message_id":244,"output":" ","stderr":true},"type":"standard_output"}
{"payload":{"local_timestamp":1721638802209,"message_id":245,"output":" ","stderr":true},"type":"standard_output"}
{"payload":{"local_timestamp":1721638802209,"message_id":246,"output":" ","stderr":true},"type":"standard_output"}
{"payload":{"local_timestamp":1721638802209,"message_id":247,"output":" ","stderr":true},"type":"standard_output"}
{"payload":{"local_timestamp":1721638802209,"message_id":248,"output":" ","stderr":true},"type":"standard_output"}
{"payload":{"local_timestamp":1721638802209,"message_id":249,"output":" ","stderr":true},"type":"standard_output"}
{"payload":{"local_timestamp":1721638802209,"message_id":250,"output":" ","stderr":true},"type":"standard_output"}
{"payload":{"local_timestamp":1721638802209,"message_id":251,"output":" ","stderr":true},"type":"standard_output"}
{"payload":{"local_timestamp":1721638802209,"message_id":252,"output":" ","stderr":true},"type":"standard_output"}
{"payload":{"local_timestamp":1721638802209,"message_id":253,"output":" ","stderr":true},"type":"standard_output"}
{"payload":{"local_timestamp":1721638802209,"message_id":254,"output":" ","stderr":true},"type":"standard_output"}
{"payload":{"local_timestamp":1721638802209,"message_id":255,"output":" ","stderr":true},"type":"standard_output"}
{"payload":{"local_timestamp":1721638802209,"message_id":256,"output":" ","stderr":true},"type":"standard_output"}
{"payload":{"local_timestamp":1721638802209,"message_id":257,"output":" ","stderr":true},"type":"standard_output"}
{"payload":{"local_timestamp":1721638802209,"message_id":258,"output":" ","stderr":true},"type":"standard_output"}
{"payload":{"local_timestamp":1721638802209,"message_id":259,"output":" ","stderr":true},"type":"standard_output"}
{"payload":{"local_timestamp":1721638802209,"message_id":260,"output":" ","stderr":true},"type":"standard_output"}
{"payload":{"local_timestamp":1721638802210,"message_id":261,"output":" ","stderr":true},"type":"standard_output"}
{"payload":{"local_timestamp":1721638802210,"message_id":262,"output":"^","stderr":true},"type":"standard_output"}
{"payload":{"local_timestamp":1721638802210,"message_id":263,"output":"^","stderr":true},"type":"standard_output"}
{"payload":{"local_timestamp":1721638802210,"message_id":264,"output":"^","stderr":true},"type":"standard_output"}
{"payload":{"local_timestamp":1721638802210,"message_id":265,"output":"^","stderr":true},"type":"standard_output"}
{"payload":{"local_timestamp":1721638802210,"message_id":266,"output":"^","stderr":true},"type":"standard_output"}
{"payload":{"local_timestamp":1721638802210,"message_id":267,"output":"^","stderr":true},"type":"standard_output"}
{"payload":{"local_timestamp":1721638802210,"message_id":268,"output":"^","stderr":true},"type":"standard_output"}
{"payload":{"local_timestamp":1721638802210,"message_id":269,"output":"^","stderr":true},"type":"standard_output"}
{"payload":{"local_timestamp":1721638802210,"message_id":270,"output":"^","stderr":true},"type":"standard_output"}
{"payload":{"local_timestamp":1721638802210,"message_id":271,"output":"^","stderr":true},"type":"standard_output"}
{"payload":{"local_timestamp":1721638802210,"message_id":272,"output":"^","stderr":true},"type":"standard_output"}
{"payload":{"local_timestamp":1721638802210,"message_id":273,"output":"^","stderr":true},"type":"standard_output"}
{"payload":{"local_timestamp":1721638802210,"message_id":274,"output":"^","stderr":true},"type":"standard_output"}
{"payload":{"local_timestamp":1721638802210,"message_id":275,"output":"^","stderr":true},"type":"standard_output"}
{"payload":{"local_timestamp":1721638802210,"message_id":276,"output":"^","stderr":true},"type":"standard_output"}
{"payload":{"local_timestamp":1721638802210,"message_id":277,"output":"^","stderr":true},"type":"standard_output"}
{"payload":{"local_timestamp":1721638802210,"message_id":278,"output":"^","stderr":true},"type":"standard_output"}
{"payload":{"local_timestamp":1721638802210,"message_id":279,"output":"^","stderr":true},"type":"standard_output"}
{"payload":{"local_timestamp":1721638802210,"message_id":280,"output":"\n","stderr":true},"type":"standard_output"}
{"payload":{"local_timestamp":1721638802210,"message_id":281,"output":"  File \"C:\\VS Code\\Python\\yolov5\\utils\\dataloaders.py\", line 182, in create_dataloader\n","stderr":true},"type":"standard_output"}
{"payload":{"local_timestamp":1721638802211,"message_id":282,"output":"    ","stderr":true},"type":"standard_output"}
{"payload":{"local_timestamp":1721638802211,"message_id":283,"output":"dataset = LoadImagesAndLabels(","stderr":true},"type":"standard_output"}
{"payload":{"local_timestamp":1721638802211,"message_id":284,"output":"\n","stderr":true},"type":"standard_output"}
{"payload":{"local_timestamp":1721638802211,"message_id":285,"output":" ","stderr":true},"type":"standard_output"}
{"payload":{"local_timestamp":1721638802211,"message_id":286,"output":" ","stderr":true},"type":"standard_output"}
{"payload":{"local_timestamp":1721638802211,"message_id":287,"output":" ","stderr":true},"type":"standard_output"}
{"payload":{"local_timestamp":1721638802211,"message_id":288,"output":" ","stderr":true},"type":"standard_output"}
{"payload":{"local_timestamp":1721638802211,"message_id":289,"output":" ","stderr":true},"type":"standard_output"}
{"payload":{"local_timestamp":1721638802211,"message_id":290,"output":" ","stderr":true},"type":"standard_output"}
{"payload":{"local_timestamp":1721638802211,"message_id":291,"output":" ","stderr":true},"type":"standard_output"}
{"payload":{"local_timestamp":1721638802211,"message_id":292,"output":" ","stderr":true},"type":"standard_output"}
{"payload":{"local_timestamp":1721638802211,"message_id":293,"output":" ","stderr":true},"type":"standard_output"}
{"payload":{"local_timestamp":1721638802211,"message_id":294,"output":" ","stderr":true},"type":"standard_output"}
{"payload":{"local_timestamp":1721638802211,"message_id":295,"output":" ","stderr":true},"type":"standard_output"}
{"payload":{"local_timestamp":1721638802211,"message_id":296,"output":" ","stderr":true},"type":"standard_output"}
{"payload":{"local_timestamp":1721638802211,"message_id":297,"output":" ","stderr":true},"type":"standard_output"}
{"payload":{"local_timestamp":1721638802211,"message_id":298,"output":" ","stderr":true},"type":"standard_output"}
{"payload":{"local_timestamp":1721638802211,"message_id":299,"output":"^","stderr":true},"type":"standard_output"}
{"payload":{"local_timestamp":1721638802211,"message_id":300,"output":"^","stderr":true},"type":"standard_output"}
{"payload":{"local_timestamp":1721638802211,"message_id":301,"output":"^","stderr":true},"type":"standard_output"}
{"payload":{"local_timestamp":1721638802211,"message_id":302,"output":"^","stderr":true},"type":"standard_output"}
{"payload":{"local_timestamp":1721638802211,"message_id":303,"output":"^","stderr":true},"type":"standard_output"}
{"payload":{"local_timestamp":1721638802211,"message_id":304,"output":"^","stderr":true},"type":"standard_output"}
{"payload":{"local_timestamp":1721638802211,"message_id":305,"output":"^","stderr":true},"type":"standard_output"}
{"payload":{"local_timestamp":1721638802211,"message_id":306,"output":"^","stderr":true},"type":"standard_output"}
{"payload":{"local_timestamp":1721638802211,"message_id":307,"output":"^","stderr":true},"type":"standard_output"}
{"payload":{"local_timestamp":1721638802211,"message_id":308,"output":"^","stderr":true},"type":"standard_output"}
{"payload":{"local_timestamp":1721638802211,"message_id":309,"output":"^","stderr":true},"type":"standard_output"}
{"payload":{"local_timestamp":1721638802212,"message_id":310,"output":"^","stderr":true},"type":"standard_output"}
{"payload":{"local_timestamp":1721638802212,"message_id":311,"output":"^","stderr":true},"type":"standard_output"}
{"payload":{"local_timestamp":1721638802212,"message_id":312,"output":"^","stderr":true},"type":"standard_output"}
{"payload":{"local_timestamp":1721638802212,"message_id":313,"output":"^","stderr":true},"type":"standard_output"}
{"payload":{"local_timestamp":1721638802212,"message_id":314,"output":"^","stderr":true},"type":"standard_output"}
{"payload":{"local_timestamp":1721638802212,"message_id":315,"output":"^","stderr":true},"type":"standard_output"}
{"payload":{"local_timestamp":1721638802212,"message_id":316,"output":"^","stderr":true},"type":"standard_output"}
{"payload":{"local_timestamp":1721638802212,"message_id":317,"output":"^","stderr":true},"type":"standard_output"}
{"payload":{"local_timestamp":1721638802212,"message_id":318,"output":"^","stderr":true},"type":"standard_output"}
{"payload":{"local_timestamp":1721638802212,"message_id":319,"output":"\n","stderr":true},"type":"standard_output"}
{"payload":{"local_timestamp":1721638802212,"message_id":320,"output":"  File \"C:\\VS Code\\Python\\yolov5\\utils\\dataloaders.py\", line 606, in __init__\n","stderr":true},"type":"standard_output"}
{"payload":{"local_timestamp":1721638802213,"message_id":321,"output":"    ","stderr":true},"type":"standard_output"}
{"payload":{"local_timestamp":1721638802213,"message_id":322,"output":"assert nf > 0 or not augment, f\"{prefix}No labels found in {cache_path}, can not start training. {HELP_URL}\"","stderr":true},"type":"standard_output"}
{"payload":{"local_timestamp":1721638802213,"message_id":323,"output":"\n","stderr":true},"type":"standard_output"}
{"payload":{"local_timestamp":1721638802213,"message_id":324,"output":"AssertionError","stderr":true},"type":"standard_output"}
{"payload":{"local_timestamp":1721638802213,"message_id":325,"output":": ","stderr":true},"type":"standard_output"}
{"payload":{"local_timestamp":1721638802214,"message_id":326,"output":"\u001b[34m\u001b[1mtrain: \u001b[0mNo labels found in C:\\Users\\Burak\\Downloads\\Object Detection.v1i.coco\\train.cache, can not start training. See https://docs.ultralytics.com/yolov5/tutorials/train_custom_data","stderr":true},"type":"standard_output"}
{"payload":{"local_timestamp":1721638802214,"message_id":327,"output":"\n","stderr":true},"type":"standard_output"}
{"payload":{"local_timestamp":1721638802214,"message_id":328,"output":"\u001b[1;38;5;39mCOMET INFO:\u001b[0m ---------------------------------------------------------------------------------------\n","stderr":true},"type":"standard_output"}
{"payload":{"local_timestamp":1721638802215,"message_id":329,"output":"\u001b[1;38;5;39mCOMET INFO:\u001b[0m Comet.ml OfflineExperiment Summary\n","stderr":true},"type":"standard_output"}
{"payload":{"local_timestamp":1721638802215,"message_id":330,"output":"\u001b[1;38;5;39mCOMET INFO:\u001b[0m ---------------------------------------------------------------------------------------\n","stderr":true},"type":"standard_output"}
{"payload":{"local_timestamp":1721638802215,"message_id":331,"output":"\u001b[1;38;5;39mCOMET INFO:\u001b[0m   Data:\n","stderr":true},"type":"standard_output"}
{"payload":{"local_timestamp":1721638802215,"message_id":332,"output":"\u001b[1;38;5;39mCOMET INFO:\u001b[0m     display_summary_level : 1\n","stderr":true},"type":"standard_output"}
{"payload":{"local_timestamp":1721638802215,"message_id":333,"output":"\u001b[1;38;5;39mCOMET INFO:\u001b[0m     name                  : exp\n","stderr":true},"type":"standard_output"}
{"payload":{"local_timestamp":1721638802216,"message_id":334,"output":"\u001b[1;38;5;39mCOMET INFO:\u001b[0m     url                   : [OfflineExperiment will get URL after upload]\n","stderr":true},"type":"standard_output"}
{"payload":{"local_timestamp":1721638802216,"message_id":335,"output":"\u001b[1;38;5;39mCOMET INFO:\u001b[0m   Others:\n","stderr":true},"type":"standard_output"}
{"payload":{"local_timestamp":1721638802216,"message_id":336,"output":"\u001b[1;38;5;39mCOMET INFO:\u001b[0m     Created from                : YOLOv5\n","stderr":true},"type":"standard_output"}
{"payload":{"local_timestamp":1721638802216,"message_id":337,"output":"\u001b[1;38;5;39mCOMET INFO:\u001b[0m     Name                        : exp\n","stderr":true},"type":"standard_output"}
{"payload":{"local_timestamp":1721638802216,"message_id":338,"output":"\u001b[1;38;5;39mCOMET INFO:\u001b[0m     comet_log_batch_metrics     : False\n","stderr":true},"type":"standard_output"}
{"payload":{"local_timestamp":1721638802218,"message_id":339,"output":"\u001b[1;38;5;39mCOMET INFO:\u001b[0m     comet_log_confusion_matrix  : True\n","stderr":true},"type":"standard_output"}
{"payload":{"local_timestamp":1721638802218,"message_id":340,"output":"\u001b[1;38;5;39mCOMET INFO:\u001b[0m     comet_log_per_class_metrics : False\n","stderr":true},"type":"standard_output"}
{"payload":{"local_timestamp":1721638802218,"message_id":341,"output":"\u001b[1;38;5;39mCOMET INFO:\u001b[0m     comet_max_image_uploads     : 100\n","stderr":true},"type":"standard_output"}
{"payload":{"local_timestamp":1721638802218,"message_id":342,"output":"\u001b[1;38;5;39mCOMET INFO:\u001b[0m     comet_mode                  : online\n","stderr":true},"type":"standard_output"}
{"payload":{"local_timestamp":1721638802219,"message_id":343,"output":"\u001b[1;38;5;39mCOMET INFO:\u001b[0m     comet_model_name            : yolov5\n","stderr":true},"type":"standard_output"}
{"payload":{"local_timestamp":1721638802219,"message_id":344,"output":"\u001b[1;38;5;39mCOMET INFO:\u001b[0m     hasNestedParams             : True\n","stderr":true},"type":"standard_output"}
{"payload":{"local_timestamp":1721638802219,"message_id":345,"output":"\u001b[1;38;5;39mCOMET INFO:\u001b[0m     offline_experiment          : True\n","stderr":true},"type":"standard_output"}
{"payload":{"local_timestamp":1721638802219,"message_id":346,"output":"\u001b[1;38;5;39mCOMET INFO:\u001b[0m   Parameters:\n","stderr":true},"type":"standard_output"}
{"payload":{"local_timestamp":1721638802220,"message_id":347,"output":"\u001b[1;38;5;39mCOMET INFO:\u001b[0m     anchor_t            : 4.0\n","stderr":true},"type":"standard_output"}
{"payload":{"local_timestamp":1721638802220,"message_id":348,"output":"\u001b[1;38;5;39mCOMET INFO:\u001b[0m     artifact_alias      : latest\n","stderr":true},"type":"standard_output"}
{"payload":{"local_timestamp":1721638802220,"message_id":349,"output":"\u001b[1;38;5;39mCOMET INFO:\u001b[0m     batch_size          : 16\n","stderr":true},"type":"standard_output"}
{"payload":{"local_timestamp":1721638802221,"message_id":350,"output":"\u001b[1;38;5;39mCOMET INFO:\u001b[0m     bbox_interval       : -1\n","stderr":true},"type":"standard_output"}
{"payload":{"local_timestamp":1721638802221,"message_id":351,"output":"\u001b[1;38;5;39mCOMET INFO:\u001b[0m     box                 : 0.05\n","stderr":true},"type":"standard_output"}
{"payload":{"local_timestamp":1721638802221,"message_id":352,"output":"\u001b[1;38;5;39mCOMET INFO:\u001b[0m     bucket              : \n","stderr":true},"type":"standard_output"}
{"payload":{"local_timestamp":1721638802221,"message_id":353,"output":"\u001b[1;38;5;39mCOMET INFO:\u001b[0m     cache               : None\n","stderr":true},"type":"standard_output"}
{"payload":{"local_timestamp":1721638802222,"message_id":354,"output":"\u001b[1;38;5;39mCOMET INFO:\u001b[0m     cfg                 : \n","stderr":true},"type":"standard_output"}
{"payload":{"local_timestamp":1721638802222,"message_id":355,"output":"\u001b[1;38;5;39mCOMET INFO:\u001b[0m     cls                 : 0.5\n","stderr":true},"type":"standard_output"}
{"payload":{"local_timestamp":1721638802222,"message_id":356,"output":"\u001b[1;38;5;39mCOMET INFO:\u001b[0m     cls_pw              : 1.0\n","stderr":true},"type":"standard_output"}
{"payload":{"local_timestamp":1721638802223,"message_id":357,"output":"\u001b[1;38;5;39mCOMET INFO:\u001b[0m     copy_paste          : 0.0\n","stderr":true},"type":"standard_output"}
{"payload":{"local_timestamp":1721638802223,"message_id":358,"output":"\u001b[1;38;5;39mCOMET INFO:\u001b[0m     cos_lr              : False\n","stderr":true},"type":"standard_output"}
{"payload":{"local_timestamp":1721638802223,"message_id":359,"output":"\u001b[1;38;5;39mCOMET INFO:\u001b[0m     degrees             : 0.0\n","stderr":true},"type":"standard_output"}
{"payload":{"local_timestamp":1721638802223,"message_id":360,"output":"\u001b[1;38;5;39mCOMET INFO:\u001b[0m     device              : \n","stderr":true},"type":"standard_output"}
{"payload":{"local_timestamp":1721638802223,"message_id":361,"output":"\u001b[1;38;5;39mCOMET INFO:\u001b[0m     entity              : None\n","stderr":true},"type":"standard_output"}
{"payload":{"local_timestamp":1721638802224,"message_id":362,"output":"\u001b[1;38;5;39mCOMET INFO:\u001b[0m     evolve              : None\n","stderr":true},"type":"standard_output"}
{"payload":{"local_timestamp":1721638802224,"message_id":363,"output":"\u001b[1;38;5;39mCOMET INFO:\u001b[0m     evolve_population   : data\\hyps\n","stderr":true},"type":"standard_output"}
{"payload":{"local_timestamp":1721638802224,"message_id":364,"output":"\u001b[1;38;5;39mCOMET INFO:\u001b[0m     exist_ok            : False\n","stderr":true},"type":"standard_output"}
{"payload":{"local_timestamp":1721638802225,"message_id":365,"output":"\u001b[1;38;5;39mCOMET INFO:\u001b[0m     fl_gamma            : 0.0\n","stderr":true},"type":"standard_output"}
{"payload":{"local_timestamp":1721638802225,"message_id":366,"output":"\u001b[1;38;5;39mCOMET INFO:\u001b[0m     fliplr              : 0.5\n","stderr":true},"type":"standard_output"}
{"payload":{"local_timestamp":1721638802225,"message_id":367,"output":"\u001b[1;38;5;39mCOMET INFO:\u001b[0m     flipud              : 0.0\n","stderr":true},"type":"standard_output"}
{"payload":{"local_timestamp":1721638802225,"message_id":368,"output":"\u001b[1;38;5;39mCOMET INFO:\u001b[0m     freeze              : [0]\n","stderr":true},"type":"standard_output"}
{"payload":{"local_timestamp":1721638802225,"message_id":369,"output":"\u001b[1;38;5;39mCOMET INFO:\u001b[0m     hsv_h               : 0.015\n","stderr":true},"type":"standard_output"}
{"payload":{"local_timestamp":1721638802226,"message_id":370,"output":"\u001b[1;38;5;39mCOMET INFO:\u001b[0m     hsv_s               : 0.7\n","stderr":true},"type":"standard_output"}
{"payload":{"local_timestamp":1721638802226,"message_id":371,"output":"\u001b[1;38;5;39mCOMET INFO:\u001b[0m     hsv_v               : 0.4\n","stderr":true},"type":"standard_output"}
{"payload":{"local_timestamp":1721638802226,"message_id":372,"output":"\u001b[1;38;5;39mCOMET INFO:\u001b[0m     hyp|anchor_t        : 4.0\n","stderr":true},"type":"standard_output"}
{"payload":{"local_timestamp":1721638802226,"message_id":373,"output":"\u001b[1;38;5;39mCOMET INFO:\u001b[0m     hyp|box             : 0.05\n","stderr":true},"type":"standard_output"}
{"payload":{"local_timestamp":1721638802227,"message_id":374,"output":"\u001b[1;38;5;39mCOMET INFO:\u001b[0m     hyp|cls             : 0.5\n","stderr":true},"type":"standard_output"}
{"payload":{"local_timestamp":1721638802227,"message_id":375,"output":"\u001b[1;38;5;39mCOMET INFO:\u001b[0m     hyp|cls_pw          : 1.0\n","stderr":true},"type":"standard_output"}
{"payload":{"local_timestamp":1721638802227,"message_id":376,"output":"\u001b[1;38;5;39mCOMET INFO:\u001b[0m     hyp|copy_paste      : 0.0\n","stderr":true},"type":"standard_output"}
{"payload":{"local_timestamp":1721638802227,"message_id":377,"output":"\u001b[1;38;5;39mCOMET INFO:\u001b[0m     hyp|degrees         : 0.0\n","stderr":true},"type":"standard_output"}
{"payload":{"local_timestamp":1721638802227,"message_id":378,"output":"\u001b[1;38;5;39mCOMET INFO:\u001b[0m     hyp|fl_gamma        : 0.0\n","stderr":true},"type":"standard_output"}
{"payload":{"local_timestamp":1721638802228,"message_id":379,"output":"\u001b[1;38;5;39mCOMET INFO:\u001b[0m     hyp|fliplr          : 0.5\n","stderr":true},"type":"standard_output"}
{"payload":{"local_timestamp":1721638802228,"message_id":380,"output":"\u001b[1;38;5;39mCOMET INFO:\u001b[0m     hyp|flipud          : 0.0\n","stderr":true},"type":"standard_output"}
{"payload":{"local_timestamp":1721638802228,"message_id":381,"output":"\u001b[1;38;5;39mCOMET INFO:\u001b[0m     hyp|hsv_h           : 0.015\n","stderr":true},"type":"standard_output"}
{"payload":{"local_timestamp":1721638802229,"message_id":382,"output":"\u001b[1;38;5;39mCOMET INFO:\u001b[0m     hyp|hsv_s           : 0.7\n","stderr":true},"type":"standard_output"}
{"payload":{"local_timestamp":1721638802229,"message_id":383,"output":"\u001b[1;38;5;39mCOMET INFO:\u001b[0m     hyp|hsv_v           : 0.4\n","stderr":true},"type":"standard_output"}
{"payload":{"local_timestamp":1721638802229,"message_id":384,"output":"\u001b[1;38;5;39mCOMET INFO:\u001b[0m     hyp|iou_t           : 0.2\n","stderr":true},"type":"standard_output"}
{"payload":{"local_timestamp":1721638802229,"message_id":385,"output":"\u001b[1;38;5;39mCOMET INFO:\u001b[0m     hyp|lr0             : 0.01\n","stderr":true},"type":"standard_output"}
{"payload":{"local_timestamp":1721638802229,"message_id":386,"output":"\u001b[1;38;5;39mCOMET INFO:\u001b[0m     hyp|lrf             : 0.01\n","stderr":true},"type":"standard_output"}
{"payload":{"local_timestamp":1721638802229,"message_id":387,"output":"\u001b[1;38;5;39mCOMET INFO:\u001b[0m     hyp|mixup           : 0.0\n","stderr":true},"type":"standard_output"}
{"payload":{"local_timestamp":1721638802230,"message_id":388,"output":"\u001b[1;38;5;39mCOMET INFO:\u001b[0m     hyp|momentum        : 0.937\n","stderr":true},"type":"standard_output"}
{"payload":{"local_timestamp":1721638802230,"message_id":389,"output":"\u001b[1;38;5;39mCOMET INFO:\u001b[0m     hyp|mosaic          : 1.0\n","stderr":true},"type":"standard_output"}
{"payload":{"local_timestamp":1721638802230,"message_id":390,"output":"\u001b[1;38;5;39mCOMET INFO:\u001b[0m     hyp|obj             : 1.0\n","stderr":true},"type":"standard_output"}
{"payload":{"local_timestamp":1721638802230,"message_id":391,"output":"\u001b[1;38;5;39mCOMET INFO:\u001b[0m     hyp|obj_pw          : 1.0\n","stderr":true},"type":"standard_output"}
{"payload":{"local_timestamp":1721638802230,"message_id":392,"output":"\u001b[1;38;5;39mCOMET INFO:\u001b[0m     hyp|perspective     : 0.0\n","stderr":true},"type":"standard_output"}
{"payload":{"local_timestamp":1721638802230,"message_id":393,"output":"\u001b[1;38;5;39mCOMET INFO:\u001b[0m     hyp|scale           : 0.5\n","stderr":true},"type":"standard_output"}
{"payload":{"local_timestamp":1721638802231,"message_id":394,"output":"\u001b[1;38;5;39mCOMET INFO:\u001b[0m     hyp|shear           : 0.0\n","stderr":true},"type":"standard_output"}
{"payload":{"local_timestamp":1721638802231,"message_id":395,"output":"\u001b[1;38;5;39mCOMET INFO:\u001b[0m     hyp|translate       : 0.1\n","stderr":true},"type":"standard_output"}
{"payload":{"local_timestamp":1721638802231,"message_id":396,"output":"\u001b[1;38;5;39mCOMET INFO:\u001b[0m     hyp|warmup_bias_lr  : 0.1\n","stderr":true},"type":"standard_output"}
{"payload":{"local_timestamp":1721638802231,"message_id":397,"output":"\u001b[1;38;5;39mCOMET INFO:\u001b[0m     hyp|warmup_epochs   : 3.0\n","stderr":true},"type":"standard_output"}
{"payload":{"local_timestamp":1721638802232,"message_id":398,"output":"\u001b[1;38;5;39mCOMET INFO:\u001b[0m     hyp|warmup_momentum : 0.8\n","stderr":true},"type":"standard_output"}
{"payload":{"local_timestamp":1721638802232,"message_id":399,"output":"\u001b[1;38;5;39mCOMET INFO:\u001b[0m     hyp|weight_decay    : 0.0005\n","stderr":true},"type":"standard_output"}
{"payload":{"local_timestamp":1721638802232,"message_id":400,"output":"\u001b[1;38;5;39mCOMET INFO:\u001b[0m     image_weights       : False\n","stderr":true},"type":"standard_output"}
{"payload":{"local_timestamp":1721638802232,"message_id":401,"output":"\u001b[1;38;5;39mCOMET INFO:\u001b[0m     imgsz               : 640\n","stderr":true},"type":"standard_output"}
{"payload":{"local_timestamp":1721638802232,"message_id":402,"output":"\u001b[1;38;5;39mCOMET INFO:\u001b[0m     iou_t               : 0.2\n","stderr":true},"type":"standard_output"}
{"payload":{"local_timestamp":1721638802233,"message_id":403,"output":"\u001b[1;38;5;39mCOMET INFO:\u001b[0m     label_smoothing     : 0.0\n","stderr":true},"type":"standard_output"}
{"payload":{"local_timestamp":1721638802233,"message_id":404,"output":"\u001b[1;38;5;39mCOMET INFO:\u001b[0m     local_rank          : -1\n","stderr":true},"type":"standard_output"}
{"payload":{"local_timestamp":1721638802233,"message_id":405,"output":"\u001b[1;38;5;39mCOMET INFO:\u001b[0m     lr0                 : 0.01\n","stderr":true},"type":"standard_output"}
{"payload":{"local_timestamp":1721638802233,"message_id":406,"output":"\u001b[1;38;5;39mCOMET INFO:\u001b[0m     lrf                 : 0.01\n","stderr":true},"type":"standard_output"}
{"payload":{"local_timestamp":1721638802233,"message_id":407,"output":"\u001b[1;38;5;39mCOMET INFO:\u001b[0m     mixup               : 0.0\n","stderr":true},"type":"standard_output"}
{"payload":{"local_timestamp":1721638802234,"message_id":408,"output":"\u001b[1;38;5;39mCOMET INFO:\u001b[0m     momentum            : 0.937\n","stderr":true},"type":"standard_output"}
{"payload":{"local_timestamp":1721638802234,"message_id":409,"output":"\u001b[1;38;5;39mCOMET INFO:\u001b[0m     mosaic              : 1.0\n","stderr":true},"type":"standard_output"}
{"payload":{"local_timestamp":1721638802234,"message_id":410,"output":"\u001b[1;38;5;39mCOMET INFO:\u001b[0m     multi_scale         : False\n","stderr":true},"type":"standard_output"}
{"payload":{"local_timestamp":1721638802234,"message_id":411,"output":"\u001b[1;38;5;39mCOMET INFO:\u001b[0m     name                : exp\n","stderr":true},"type":"standard_output"}
{"payload":{"local_timestamp":1721638802235,"message_id":412,"output":"\u001b[1;38;5;39mCOMET INFO:\u001b[0m     ndjson_console      : False\n","stderr":true},"type":"standard_output"}
{"payload":{"local_timestamp":1721638802235,"message_id":413,"output":"\u001b[1;38;5;39mCOMET INFO:\u001b[0m     ndjson_file         : False\n","stderr":true},"type":"standard_output"}
{"payload":{"local_timestamp":1721638802235,"message_id":414,"output":"\u001b[1;38;5;39mCOMET INFO:\u001b[0m     noautoanchor        : False\n","stderr":true},"type":"standard_output"}
{"payload":{"local_timestamp":1721638802235,"message_id":415,"output":"\u001b[1;38;5;39mCOMET INFO:\u001b[0m     noplots             : False\n","stderr":true},"type":"standard_output"}
{"payload":{"local_timestamp":1721638802235,"message_id":416,"output":"\u001b[1;38;5;39mCOMET INFO:\u001b[0m     nosave              : False\n","stderr":true},"type":"standard_output"}
{"payload":{"local_timestamp":1721638802235,"message_id":417,"output":"\u001b[1;38;5;39mCOMET INFO:\u001b[0m     noval               : False\n","stderr":true},"type":"standard_output"}
{"payload":{"local_timestamp":1721638802236,"message_id":418,"output":"\u001b[1;38;5;39mCOMET INFO:\u001b[0m     obj                 : 1.0\n","stderr":true},"type":"standard_output"}
{"payload":{"local_timestamp":1721638802236,"message_id":419,"output":"\u001b[1;38;5;39mCOMET INFO:\u001b[0m     obj_pw              : 1.0\n","stderr":true},"type":"standard_output"}
{"payload":{"local_timestamp":1721638802236,"message_id":420,"output":"\u001b[1;38;5;39mCOMET INFO:\u001b[0m     optimizer           : SGD\n","stderr":true},"type":"standard_output"}
{"payload":{"local_timestamp":1721638802236,"message_id":421,"output":"\u001b[1;38;5;39mCOMET INFO:\u001b[0m     patience            : 100\n","stderr":true},"type":"standard_output"}
{"payload":{"local_timestamp":1721638802236,"message_id":422,"output":"\u001b[1;38;5;39mCOMET INFO:\u001b[0m     perspective         : 0.0\n","stderr":true},"type":"standard_output"}
{"payload":{"local_timestamp":1721638802237,"message_id":423,"output":"\u001b[1;38;5;39mCOMET INFO:\u001b[0m     project             : runs\\train\n","stderr":true},"type":"standard_output"}
{"payload":{"local_timestamp":1721638802237,"message_id":424,"output":"\u001b[1;38;5;39mCOMET INFO:\u001b[0m     quad                : False\n","stderr":true},"type":"standard_output"}
{"payload":{"local_timestamp":1721638802237,"message_id":425,"output":"\u001b[1;38;5;39mCOMET INFO:\u001b[0m     rect                : False\n","stderr":true},"type":"standard_output"}
{"payload":{"local_timestamp":1721638802237,"message_id":426,"output":"\u001b[1;38;5;39mCOMET INFO:\u001b[0m     resume              : False\n","stderr":true},"type":"standard_output"}
{"payload":{"local_timestamp":1721638802237,"message_id":427,"output":"\u001b[1;38;5;39mCOMET INFO:\u001b[0m     resume_evolve       : None\n","stderr":true},"type":"standard_output"}
{"payload":{"local_timestamp":1721638802238,"message_id":428,"output":"\u001b[1;38;5;39mCOMET INFO:\u001b[0m     save_dir            : runs\\train\\exp\n","stderr":true},"type":"standard_output"}
{"payload":{"local_timestamp":1721638802238,"message_id":429,"output":"\u001b[1;38;5;39mCOMET INFO:\u001b[0m     save_period         : -1\n","stderr":true},"type":"standard_output"}
{"payload":{"local_timestamp":1721638802239,"message_id":430,"output":"\u001b[1;38;5;39mCOMET INFO:\u001b[0m     scale               : 0.5\n","stderr":true},"type":"standard_output"}
{"payload":{"local_timestamp":1721638802239,"message_id":431,"output":"\u001b[1;38;5;39mCOMET INFO:\u001b[0m     seed                : 0\n","stderr":true},"type":"standard_output"}
{"payload":{"local_timestamp":1721638802239,"message_id":432,"output":"\u001b[1;38;5;39mCOMET INFO:\u001b[0m     shear               : 0.0\n","stderr":true},"type":"standard_output"}
{"payload":{"local_timestamp":1721638802240,"message_id":433,"output":"\u001b[1;38;5;39mCOMET INFO:\u001b[0m     single_cls          : False\n","stderr":true},"type":"standard_output"}
{"payload":{"local_timestamp":1721638802240,"message_id":434,"output":"\u001b[1;38;5;39mCOMET INFO:\u001b[0m     sync_bn             : False\n","stderr":true},"type":"standard_output"}
{"payload":{"local_timestamp":1721638802240,"message_id":435,"output":"\u001b[1;38;5;39mCOMET INFO:\u001b[0m     translate           : 0.1\n","stderr":true},"type":"standard_output"}
{"payload":{"local_timestamp":1721638802240,"message_id":436,"output":"\u001b[1;38;5;39mCOMET INFO:\u001b[0m     upload_dataset      : False\n","stderr":true},"type":"standard_output"}
{"payload":{"local_timestamp":1721638802240,"message_id":437,"output":"\u001b[1;38;5;39mCOMET INFO:\u001b[0m     val_conf_threshold  : 0.001\n","stderr":true},"type":"standard_output"}
{"payload":{"local_timestamp":1721638802241,"message_id":438,"output":"\u001b[1;38;5;39mCOMET INFO:\u001b[0m     val_iou_threshold   : 0.6\n","stderr":true},"type":"standard_output"}
{"payload":{"local_timestamp":1721638802241,"message_id":439,"output":"\u001b[1;38;5;39mCOMET INFO:\u001b[0m     warmup_bias_lr      : 0.1\n","stderr":true},"type":"standard_output"}
{"payload":{"local_timestamp":1721638802241,"message_id":440,"output":"\u001b[1;38;5;39mCOMET INFO:\u001b[0m     warmup_epochs       : 3.0\n","stderr":true},"type":"standard_output"}
{"payload":{"local_timestamp":1721638802242,"message_id":441,"output":"\u001b[1;38;5;39mCOMET INFO:\u001b[0m     warmup_momentum     : 0.8\n","stderr":true},"type":"standard_output"}
{"payload":{"local_timestamp":1721638802242,"message_id":442,"output":"\u001b[1;38;5;39mCOMET INFO:\u001b[0m     weight_decay        : 0.0005\n","stderr":true},"type":"standard_output"}
{"payload":{"local_timestamp":1721638802242,"message_id":443,"output":"\u001b[1;38;5;39mCOMET INFO:\u001b[0m     workers             : 8\n","stderr":true},"type":"standard_output"}
{"payload":{"local_timestamp":1721638802242,"message_id":444,"output":"\u001b[1;38;5;39mCOMET INFO:\u001b[0m   Uploads:\n","stderr":true},"type":"standard_output"}
{"payload":{"local_timestamp":1721638802243,"message_id":445,"output":"\u001b[1;38;5;39mCOMET INFO:\u001b[0m     asset               : 3 (1.48 KB)\n","stderr":true},"type":"standard_output"}
{"payload":{"local_timestamp":1721638802243,"message_id":446,"output":"\u001b[1;38;5;39mCOMET INFO:\u001b[0m     environment details : 1\n","stderr":true},"type":"standard_output"}
{"payload":{"local_timestamp":1721638802243,"message_id":447,"output":"\u001b[1;38;5;39mCOMET INFO:\u001b[0m     git metadata        : 1\n","stderr":true},"type":"standard_output"}
{"payload":{"local_timestamp":1721638802243,"message_id":448,"output":"\u001b[1;38;5;39mCOMET INFO:\u001b[0m     installed packages  : 1\n","stderr":true},"type":"standard_output"}
{"payload":{"local_timestamp":1721638802243,"message_id":449,"output":"\u001b[1;38;5;39mCOMET INFO:\u001b[0m \n","stderr":true},"type":"standard_output"}
